station_id,station_name,year_month,sample_hours,etss_surge_rmse,etss_surge_bias,etss_wl_rmse,etss_wl_bias
8726520,St_Petersburg_FL,2026-01,743,0.1076246740655268,-0.005193647783351688,0.16573279450160938,-0.005131752537876362
8726520,St_Petersburg_FL,2026-02,672,0.09819678465855408,-0.01961173115079366,0.14959630061625448,-0.02009573412698414
8726724,Clearwater_Beach_FL,2026-01,743,0.10128406327126949,0.0022503344345201526,0.19965944896757612,1.498497763637951e-05
8726724,Clearwater_Beach_FL,2026-02,672,0.09012075192574703,-0.02796044146825398,0.15535363378251316,-0.025907490079365075
8557380,Lewes_DE,2026-01,665,0.20352224998881144,-0.03284136070696221,0.2586234382050873,-0.032997378728205795
8557380,Lewes_DE,2026-02,665,0.23571684980964291,-0.025076596252536103,0.26220255209596416,-0.024163618461738767
8570283,Ocean_City_MD,2022-01,743,0.2601574098853613,-0.05307461545856568,0.28136558893633745,-0.05225382356539827
8570283,Ocean_City_MD,2022-02,672,0.2806333233112115,-0.0913818868961726,0.290810150600232,-0.09152752976190477
8570283,Ocean_City_MD,2023-01,736,0.20732303484012038,-0.0713321075173317,0.22934469717157527,-0.07118590015057406
8570283,Ocean_City_MD,2023-02,476,0.25097917707929385,-0.0593887663398693,0.26626860378712525,-0.05931197478991598
8570283,Ocean_City_MD,2024-01,712,0.369781506312413,-0.027608996313455605,0.3849837065977776,-0.0287249511568332
8570283,Ocean_City_MD,2024-02,696,0.23822578068122005,-0.06011946160081944,0.2572809275761506,-0.058103687739463616
8570283,Ocean_City_MD,2025-01,742,0.22235978755063673,0.00892616811161267,0.24202804800066352,0.009504512782814566
8570283,Ocean_City_MD,2025-02,672,0.2364660488050991,-0.04839238736214201,0.25163429095729783,-0.048550099206349326
