station_id,station_name,month_year,surrogate_mode,scaler,ai_wl_rmse_ft,ai_wl_bias_ft,etss_wl_rmse_ft,etss_wl_bias_ft,ai_surge_rmse_ft,etss_surge_rmse_ft,ai_wl_error_reduction_pct
8726520,St_Petersburg_FL,01/2026,GFS+ETSS-HYBRID-4FEAT,ROBUST,0.159,0.002,0.171,-0.005,0.097,0.113,7.1
8726520,St_Petersburg_FL,02/2026,GFS+ETSS-HYBRID-4FEAT,ROBUST,0.148,-0.002,0.155,-0.02,0.099,0.104,4.2
8726520,St_Petersburg_FL,03/2026,GFS+ETSS-HYBRID-4FEAT,ROBUST,0.057,0.023,0.048,-0.023,0.027,0.035,-19.7
8726724,Clearwater_Beach_FL,01/2026,GFS+ETSS-HYBRID-4FEAT,ROBUST,0.203,0.025,0.195,-0.0,0.115,0.111,-4.1
8726724,Clearwater_Beach_FL,02/2026,GFS+ETSS-HYBRID-4FEAT,ROBUST,0.172,0.006,0.158,-0.025,0.109,0.099,-8.6
8726724,Clearwater_Beach_FL,03/2026,GFS+ETSS-HYBRID-4FEAT,ROBUST,0.172,0.122,0.121,0.035,0.117,0.037,-42.8
8557380,Lewes_DE,01/2026,GFS+ETSS-HYBRID-4FEAT,ROBUST,0.21,-0.008,0.267,-0.035,0.151,0.213,21.3
8557380,Lewes_DE,02/2026,GFS+ETSS-HYBRID-4FEAT,ROBUST,0.17,-0.025,0.257,-0.023,0.122,0.228,34.0
8570283,Ocean_City_MD,01/2026,GFS+ETSS-HYBRID-4FEAT,ROBUST,0.138,0.003,0.178,-0.051,0.1,0.152,22.0
8570283,Ocean_City_MD,02/2026,GFS+ETSS-HYBRID-4FEAT,ROBUST,0.153,-0.009,0.29,-0.051,0.108,0.274,47.3
