timestamp,air_temp,air_pressure,wind_speed,wind_direction,wind_gust,water_level
2020-07-30 00:00:00,79.200,1014.200,0.000,0.000,0.000,7.966
2020-07-30 01:00:00,78.600,1014.600,0.000,0.000,0.000,4.705
2020-07-30 02:00:00,80.100,1015.000,0.000,0.000,0.000,1.496
2020-07-30 03:00:00,79.900,1015.800,0.000,0.000,0.000,-1.430
2020-07-30 04:00:00,79.300,1015.600,0.000,0.000,0.000,-3.950
2020-07-30 05:00:00,78.400,1015.300,0.000,0.000,0.000,-5.640
2020-07-30 06:00:00,78.100,1014.700,0.000,0.000,0.000,-4.974
2020-07-30 07:00:00,77.400,1014.100,0.000,0.000,0.000,-1.001
2020-07-30 08:00:00,76.600,1014.000,0.000,0.000,0.000,3.015
2020-07-30 09:00:00,76.100,1014.300,0.000,0.000,0.000,5.427
2020-07-30 10:00:00,75.600,1014.400,0.000,0.000,0.000,6.470
2020-07-30 11:00:00,75.700,1014.700,0.000,0.000,0.000,6.683
2020-07-30 12:00:00,77.000,1015.300,0.000,0.000,0.000,5.381
2020-07-30 13:00:00,78.300,1015.200,0.000,0.000,0.000,2.615
2020-07-30 14:00:00,79.200,1015.400,0.000,0.000,0.000,-0.486
2020-07-30 15:00:00,81.500,1015.400,0.000,0.000,0.000,-3.435
2020-07-30 16:00:00,85.300,1014.800,0.000,0.000,0.000,-6.017
2020-07-30 17:00:00,87.100,1014.400,0.000,0.000,0.000,-7.546
2020-07-30 18:00:00,85.600,1013.600,0.000,0.000,0.000,-6.188
2020-07-30 19:00:00,87.300,1012.800,0.000,0.000,0.000,-0.860
2020-07-30 20:00:00,86.200,1012.300,0.000,0.000,0.000,4.124
2020-07-30 21:00:00,88.000,1012.100,0.000,0.000,0.000,7.126
2020-07-30 22:00:00,85.800,1012.000,0.000,0.000,0.000,9.127
2020-07-30 23:00:00,84.200,1011.900,0.000,0.000,0.000,10.528
2020-07-31 00:00:00,82.400,1012.300,0.000,0.000,0.000,10.571
2020-07-31 01:00:00,81.700,1012.500,0.000,0.000,0.000,9.062
2020-07-31 02:00:00,81.300,1013.100,0.000,0.000,0.000,6.135
2020-07-31 03:00:00,80.400,1012.800,0.000,0.000,0.000,2.756
2020-07-31 04:00:00,80.100,1012.400,0.000,0.000,0.000,-0.312
2020-07-31 05:00:00,80.800,1012.400,0.000,0.000,0.000,-2.864
2020-07-31 06:00:00,80.400,1011.800,0.000,0.000,0.000,-4.833
2020-07-31 07:00:00,80.400,1011.200,0.000,0.000,0.000,-4.888
2020-07-31 08:00:00,80.100,1011.000,0.000,0.000,0.000,-1.473
2020-07-31 09:00:00,79.500,1011.000,0.000,0.000,0.000,3.058
2020-07-31 10:00:00,79.200,1011.200,0.000,0.000,0.000,5.846
2020-07-31 11:00:00,79.000,1011.900,0.000,0.000,0.000,6.923
2020-07-31 12:00:00,80.800,1012.400,0.000,0.000,0.000,6.975
2020-07-31 13:00:00,83.300,1012.500,0.000,0.000,0.000,5.833
2020-07-31 14:00:00,84.900,1012.600,0.000,0.000,0.000,2.972
2020-07-31 15:00:00,88.900,1012.500,0.000,0.000,0.000,-0.387
2020-07-31 16:00:00,90.100,1011.900,0.000,0.000,0.000,-3.337
2020-07-31 17:00:00,91.200,1011.600,0.000,0.000,0.000,-5.899
2020-07-31 18:00:00,91.900,1011.600,0.000,0.000,0.000,-7.201
2020-07-31 19:00:00,92.700,1011.300,0.000,0.000,0.000,-5.984
2020-07-31 20:00:00,91.400,1011.000,0.000,0.000,0.000,-1.033
2020-07-31 21:00:00,90.500,1010.900,0.000,0.000,0.000,3.799
2020-07-31 22:00:00,89.800,1010.400,0.000,0.000,0.000,6.932
2020-07-31 23:00:00,87.600,1010.400,0.000,0.000,0.000,9.009
2020-08-01 00:00:00,84.600,1010.700,0.000,0.000,0.000,10.453
2020-08-01 01:00:00,82.900,1011.500,0.000,0.000,0.000,10.840
2020-08-01 02:00:00,82.800,1012.600,0.000,0.000,0.000,9.396
2020-08-01 03:00:00,82.400,1013.000,0.000,0.000,0.000,6.276
2020-08-01 04:00:00,82.400,1013.200,0.000,0.000,0.000,2.831
2020-08-01 05:00:00,82.900,1013.300,0.000,0.000,0.000,-0.367
2020-08-01 06:00:00,82.400,1012.900,0.000,0.000,0.000,-3.068
2020-08-01 07:00:00,81.700,1012.300,0.000,0.000,0.000,-5.082
2020-08-01 08:00:00,81.300,1012.300,0.000,0.000,0.000,-4.757
2020-08-01 09:00:00,80.800,1012.800,0.000,0.000,0.000,-0.915
2020-08-01 10:00:00,80.800,1013.100,0.000,0.000,0.000,3.629
2020-08-01 11:00:00,81.000,1013.800,0.000,0.000,0.000,6.234
2020-08-01 12:00:00,82.600,1014.400,0.000,0.000,0.000,7.395
2020-08-01 13:00:00,85.500,1014.700,0.000,0.000,0.000,7.612
2020-08-01 14:00:00,88.300,1014.800,0.000,0.000,0.000,5.932
2020-08-01 15:00:00,89.200,1015.100,0.000,0.000,0.000,2.756
2020-08-01 16:00:00,92.500,1015.100,0.000,0.000,0.000,-0.528
2020-08-01 17:00:00,84.400,1014.800,0.000,0.000,0.000,-3.422
2020-08-01 18:00:00,75.200,1015.000,0.000,0.000,0.000,-5.705
2020-08-01 19:00:00,76.600,1014.700,0.000,0.000,0.000,-7.320
2020-08-01 20:00:00,75.700,1015.100,0.000,0.000,0.000,-5.801
2020-08-01 21:00:00,76.800,1015.500,0.000,0.000,0.000,-0.604
2020-08-01 22:00:00,78.300,1015.400,0.000,0.000,0.000,4.403
2020-08-01 23:00:00,78.400,1015.600,0.000,0.000,0.000,7.343
2020-08-02 00:00:00,79.000,1015.300,0.000,0.000,0.000,9.321
2020-08-02 01:00:00,80.200,1015.600,0.000,0.000,0.000,10.515
2020-08-02 02:00:00,79.000,1016.000,0.000,0.000,0.000,10.151
2020-08-02 03:00:00,78.300,1015.900,0.000,0.000,0.000,7.835
2020-08-02 04:00:00,79.000,1015.700,0.000,0.000,0.000,4.757
2020-08-02 05:00:00,78.100,1015.600,0.000,0.000,0.000,1.529
2020-08-02 06:00:00,79.000,1015.100,0.000,0.000,0.000,-1.444
2020-08-02 07:00:00,78.800,1015.000,0.000,0.000,0.000,-3.940
2020-08-02 08:00:00,80.200,1014.800,0.000,0.000,0.000,-5.427
2020-08-02 09:00:00,79.200,1015.100,0.000,0.000,0.000,-3.799
2020-08-02 10:00:00,79.000,1015.600,0.000,0.000,0.000,1.119
2020-08-02 11:00:00,79.700,1016.000,0.000,0.000,0.000,5.446
2020-08-02 12:00:00,81.300,1016.800,0.000,0.000,0.000,7.503
2020-08-02 13:00:00,83.800,1016.900,0.000,0.000,0.000,8.599
2020-08-02 14:00:00,87.300,1017.000,0.000,0.000,0.000,8.537
2020-08-02 15:00:00,89.400,1017.100,0.000,0.000,0.000,6.545
2020-08-02 16:00:00,91.600,1017.000,0.000,0.000,0.000,3.412
2020-08-02 17:00:00,89.800,1016.900,0.000,0.000,0.000,0.292
2020-08-02 18:00:00,89.100,1016.700,0.000,0.000,0.000,-2.454
2020-08-02 19:00:00,88.700,1016.400,0.000,0.000,0.000,-4.833
2020-08-02 20:00:00,88.300,1015.900,0.000,0.000,0.000,-6.017
2020-08-02 21:00:00,87.100,1015.700,0.000,0.000,0.000,-3.573
2020-08-02 22:00:00,86.200,1015.900,0.000,0.000,0.000,1.831
2020-08-02 23:00:00,85.800,1016.200,0.000,0.000,0.000,5.942
2020-08-03 00:00:00,84.400,1016.300,0.000,0.000,0.000,8.406
2020-08-03 01:00:00,83.500,1016.600,0.000,0.000,0.000,10.505
2020-08-03 02:00:00,83.100,1017.000,0.000,0.000,0.000,11.624
2020-08-03 03:00:00,82.800,1017.000,0.000,0.000,0.000,11.001
2020-08-03 04:00:00,82.600,1016.800,0.000,0.000,0.000,8.235
2020-08-03 05:00:00,82.200,1016.600,0.000,0.000,0.000,4.974
2020-08-03 06:00:00,82.200,1016.600,0.000,0.000,0.000,1.818
2020-08-03 07:00:00,82.000,1016.400,0.000,0.000,0.000,-1.066
2020-08-03 08:00:00,81.700,1016.600,0.000,0.000,0.000,-3.412
2020-08-03 09:00:00,81.100,1016.100,0.000,0.000,0.000,-4.596
2020-08-03 10:00:00,81.300,1016.600,0.000,0.000,0.000,-2.057
2020-08-03 11:00:00,75.200,1017.000,0.000,0.000,0.000,2.864
2020-08-03 12:00:00,74.500,1017.900,0.000,0.000,0.000,6.339
2020-08-03 13:00:00,75.900,1017.900,0.000,0.000,0.000,7.976
2020-08-03 14:00:00,77.000,1017.700,0.000,0.000,0.000,8.825
2020-08-03 15:00:00,82.600,1016.700,0.000,0.000,0.000,8.589
2020-08-03 16:00:00,83.700,1016.500,0.000,0.000,0.000,6.276
2020-08-03 17:00:00,83.500,1016.300,0.000,0.000,0.000,3.100
2020-08-03 18:00:00,84.200,1015.500,0.000,0.000,0.000,0.000
2020-08-03 19:00:00,83.700,1015.400,0.000,0.000,0.000,-2.713
2020-08-03 20:00:00,81.700,1014.500,0.000,0.000,0.000,-4.875
2020-08-03 21:00:00,79.500,1013.700,0.000,0.000,0.000,-5.381
2020-08-03 22:00:00,78.600,1012.200,0.000,0.000,0.000,-2.133
2020-08-03 23:00:00,81.000,1011.300,0.000,0.000,0.000,3.488
2020-08-04 00:00:00,79.000,1010.400,0.000,0.000,0.000,7.159
2020-08-04 01:00:00,77.500,1008.100,0.000,0.000,0.000,9.826
2020-08-04 02:00:00,77.400,1004.700,0.000,0.000,0.000,12.595
2020-08-04 03:00:00,76.500,999.500,0.000,0.000,0.000,15.371
2020-08-04 04:00:00,76.500,991.400,0.000,0.000,0.000,19.419
2020-08-04 05:00:00,73.600,998.500,0.000,0.000,0.000,21.624
2020-08-04 06:00:00,72.900,1005.000,0.000,0.000,0.000,18.009
2020-08-04 07:00:00,73.600,1008.200,0.000,0.000,0.000,11.713
2020-08-04 08:00:00,73.400,1010.100,0.000,0.000,0.000,7.858
2020-08-04 09:00:00,73.200,1011.300,0.000,0.000,0.000,4.498
2020-08-04 10:00:00,72.900,1012.500,0.000,0.000,0.000,2.283
2020-08-04 11:00:00,72.700,1013.600,0.000,0.000,0.000,0.774
2020-08-04 12:00:00,73.200,1014.700,0.000,0.000,0.000,2.766
2020-08-04 13:00:00,76.100,1014.900,0.000,0.000,0.000,6.503
2020-08-04 14:00:00,78.400,1015.100,0.000,0.000,0.000,8.051
2020-08-04 15:00:00,81.100,1015.400,0.000,0.000,0.000,8.094
2020-08-04 16:00:00,84.400,1015.000,0.000,0.000,0.000,6.716
2020-08-04 17:00:00,87.400,1014.800,0.000,0.000,0.000,4.629
2020-08-04 18:00:00,88.200,1014.700,0.000,0.000,0.000,2.077
2020-08-04 19:00:00,90.700,1014.300,0.000,0.000,0.000,-0.679
2020-08-04 20:00:00,91.000,1013.800,0.000,0.000,0.000,-3.412
2020-08-04 21:00:00,91.200,1013.600,0.000,0.000,0.000,-5.554
2020-08-04 22:00:00,89.100,1013.600,0.000,0.000,0.000,-5.856
2020-08-04 23:00:00,85.300,1014.200,0.000,0.000,0.000,-2.648
2020-08-05 00:00:00,82.200,1014.900,0.000,0.000,0.000,3.478
2020-08-05 01:00:00,80.200,1015.500,0.000,0.000,0.000,7.428
2020-08-05 02:00:00,79.500,1016.000,0.000,0.000,0.000,9.386
2020-08-05 03:00:00,78.400,1016.300,0.000,0.000,0.000,10.623
2020-08-05 04:00:00,78.300,1016.600,0.000,0.000,0.000,10.732
2020-08-05 05:00:00,78.800,1016.600,0.000,0.000,0.000,8.976
2020-08-05 06:00:00,78.600,1016.300,0.000,0.000,0.000,6.007
2020-08-05 07:00:00,78.600,1016.000,0.000,0.000,0.000,2.713
2020-08-05 08:00:00,80.100,1016.100,0.000,0.000,0.000,-0.377
2020-08-05 09:00:00,78.100,1016.300,0.000,0.000,0.000,-3.035
2020-08-05 10:00:00,78.300,1016.600,0.000,0.000,0.000,-5.026
2020-08-05 11:00:00,79.500,1016.600,0.000,0.000,0.000,-5.295
2020-08-05 12:00:00,81.900,1017.300,0.000,0.000,0.000,-0.925
2020-08-05 13:00:00,83.500,1017.700,0.000,0.000,0.000,4.318
2020-08-05 14:00:00,84.000,1018.400,0.000,0.000,0.000,7.041
2020-08-05 15:00:00,82.900,1018.600,0.000,0.000,0.000,8.255
2020-08-05 16:00:00,75.700,1018.900,0.000,0.000,0.000,8.740
2020-08-05 17:00:00,85.500,1018.600,0.000,0.000,0.000,7.654
2020-08-05 18:00:00,89.600,1017.700,0.000,0.000,0.000,4.800
2020-08-05 19:00:00,86.000,1017.300,0.000,0.000,0.000,1.270
2020-08-05 20:00:00,86.000,1017.000,0.000,0.000,0.000,-1.788
2020-08-05 21:00:00,84.900,1017.500,0.000,0.000,0.000,-4.252
2020-08-05 22:00:00,84.000,1017.500,0.000,0.000,0.000,-5.833
2020-08-05 23:00:00,84.000,1016.600,0.000,0.000,0.000,-4.672
2020-08-06 00:00:00,82.600,1016.800,0.000,0.000,0.000,0.538
2020-08-06 01:00:00,81.700,1017.100,0.000,0.000,0.000,5.243
2020-08-06 02:00:00,81.000,1017.800,0.000,0.000,0.000,7.881
2020-08-06 03:00:00,80.400,1017.300,0.000,0.000,0.000,9.419
2020-08-06 04:00:00,80.800,1017.400,0.000,0.000,0.000,10.633
2020-08-06 05:00:00,80.200,1017.200,0.000,0.000,0.000,10.440
2020-08-06 06:00:00,80.100,1017.000,0.000,0.000,0.000,8.278
2020-08-06 07:00:00,79.300,1017.100,0.000,0.000,0.000,5.016
2020-08-06 08:00:00,79.900,1016.800,0.000,0.000,0.000,1.670
2020-08-06 09:00:00,79.000,1017.100,0.000,0.000,0.000,-1.280
2020-08-06 10:00:00,78.600,1017.300,0.000,0.000,0.000,-3.809
2020-08-06 11:00:00,78.800,1017.500,0.000,0.000,0.000,-4.993
2020-08-06 12:00:00,76.600,1017.700,0.000,0.000,0.000,-2.464
2020-08-06 13:00:00,77.200,1018.400,0.000,0.000,0.000,2.657
2020-08-06 14:00:00,79.700,1018.300,0.000,0.000,0.000,6.135
2020-08-06 15:00:00,82.800,1018.200,0.000,0.000,0.000,7.782
2020-08-06 16:00:00,84.200,1018.000,0.000,0.000,0.000,8.783
2020-08-06 17:00:00,85.500,1017.800,0.000,0.000,0.000,8.891
2020-08-06 18:00:00,85.300,1018.000,0.000,0.000,0.000,7.428
2020-08-06 19:00:00,84.200,1018.000,0.000,0.000,0.000,4.780
2020-08-06 20:00:00,84.900,1017.400,0.000,0.000,0.000,1.506
2020-08-06 21:00:00,82.400,1016.800,0.000,0.000,0.000,-1.529
2020-08-06 22:00:00,81.300,1016.800,0.000,0.000,0.000,-3.789
2020-08-06 23:00:00,82.400,1016.400,0.000,0.000,0.000,-4.961
2021-07-04 00:00:00,80.200,1012.700,0.000,0.000,0.000,4.455
2021-07-04 01:00:00,74.500,1013.400,0.000,0.000,0.000,1.680
2021-07-04 02:00:00,72.700,1014.200,0.000,0.000,0.000,-0.915
2021-07-04 03:00:00,71.400,1014.600,0.000,0.000,0.000,-3.422
2021-07-04 04:00:00,70.200,1014.400,0.000,0.000,0.000,-5.220
2021-07-04 05:00:00,69.100,1014.300,0.000,0.000,0.000,-5.522
2021-07-04 06:00:00,68.000,1013.700,0.000,0.000,0.000,-2.756
2021-07-04 07:00:00,68.000,1013.500,0.000,0.000,0.000,1.250
2021-07-04 08:00:00,66.600,1013.300,0.000,0.000,0.000,4.272
2021-07-04 09:00:00,66.700,1013.400,0.000,0.000,0.000,5.801
2021-07-04 10:00:00,65.100,1013.600,0.000,0.000,0.000,6.211
2021-07-04 11:00:00,67.500,1014.300,0.000,0.000,0.000,5.361
2021-07-04 12:00:00,70.900,1015.000,0.000,0.000,0.000,2.822
2021-07-04 13:00:00,75.900,1015.600,0.000,0.000,0.000,-0.066
2021-07-04 14:00:00,83.700,1015.600,0.000,0.000,0.000,-2.733
2021-07-04 15:00:00,86.000,1015.700,0.000,0.000,0.000,-5.016
2021-07-04 16:00:00,87.300,1015.500,0.000,0.000,0.000,-6.503
2021-07-04 17:00:00,88.000,1014.900,0.000,0.000,0.000,-5.909
2021-07-04 18:00:00,91.000,1014.400,0.000,0.000,0.000,-2.562
2021-07-04 19:00:00,86.500,1014.100,0.000,0.000,0.000,1.581
2021-07-04 20:00:00,83.700,1013.900,0.000,0.000,0.000,4.757
2021-07-04 21:00:00,82.400,1014.000,0.000,0.000,0.000,6.900
2021-07-04 22:00:00,82.900,1014.100,0.000,0.000,0.000,8.136
2021-07-04 23:00:00,82.800,1014.600,0.000,0.000,0.000,8.353
2021-07-05 00:00:00,80.100,1015.000,0.000,0.000,0.000,7.267
2021-07-05 01:00:00,77.700,1015.600,0.000,0.000,0.000,4.616
2021-07-05 02:00:00,75.400,1016.000,0.000,0.000,0.000,1.732
2021-07-05 03:00:00,75.000,1016.400,0.000,0.000,0.000,-0.817
2021-07-05 04:00:00,75.000,1016.700,0.000,0.000,0.000,-3.015
2021-07-05 05:00:00,74.100,1016.600,0.000,0.000,0.000,-4.531
2021-07-05 06:00:00,73.600,1016.200,0.000,0.000,0.000,-4.003
2021-07-05 07:00:00,70.700,1016.100,0.000,0.000,0.000,-1.056
2021-07-05 08:00:00,71.800,1016.100,0.000,0.000,0.000,2.562
2021-07-05 09:00:00,70.300,1016.300,0.000,0.000,0.000,4.951
2021-07-05 10:00:00,69.100,1016.700,0.000,0.000,0.000,6.115
2021-07-05 11:00:00,70.300,1017.500,0.000,0.000,0.000,6.309
2021-07-05 12:00:00,73.600,1018.000,0.000,0.000,0.000,5.230
2021-07-05 13:00:00,76.600,1018.600,0.000,0.000,0.000,2.648
2021-07-05 14:00:00,82.400,1018.700,0.000,0.000,0.000,-0.367
2021-07-05 15:00:00,84.000,1019.100,0.000,0.000,0.000,-2.864
2021-07-05 16:00:00,85.600,1019.100,0.000,0.000,0.000,-4.856
2021-07-05 17:00:00,87.300,1018.800,0.000,0.000,0.000,-6.135
2021-07-05 18:00:00,86.000,1018.700,0.000,0.000,0.000,-5.177
2021-07-05 19:00:00,85.600,1018.800,0.000,0.000,0.000,-1.293
2021-07-05 20:00:00,84.700,1018.600,0.000,0.000,0.000,2.628
2021-07-05 21:00:00,85.300,1018.500,0.000,0.000,0.000,5.781
2021-07-05 22:00:00,83.700,1018.300,0.000,0.000,0.000,7.546
2021-07-05 23:00:00,82.900,1018.700,0.000,0.000,0.000,8.494
2021-07-06 00:00:00,81.900,1019.300,0.000,0.000,0.000,8.504
2021-07-06 01:00:00,79.200,1019.700,0.000,0.000,0.000,6.867
2021-07-06 02:00:00,79.000,1020.400,0.000,0.000,0.000,4.026
2021-07-06 03:00:00,77.000,1020.400,0.000,0.000,0.000,1.204
2021-07-06 04:00:00,75.900,1020.400,0.000,0.000,0.000,-1.099
2021-07-06 05:00:00,75.600,1020.300,0.000,0.000,0.000,-3.445
2021-07-06 06:00:00,74.500,1020.100,0.000,0.000,0.000,-4.908
2021-07-06 07:00:00,72.500,1019.900,0.000,0.000,0.000,-4.026
2021-07-06 08:00:00,71.100,1019.800,0.000,0.000,0.000,-1.043
2021-07-06 09:00:00,69.800,1019.600,0.000,0.000,0.000,2.477
2021-07-06 10:00:00,69.300,1020.200,0.000,0.000,0.000,4.856
2021-07-06 11:00:00,71.100,1020.500,0.000,0.000,0.000,5.965
2021-07-06 12:00:00,77.500,1021.100,0.000,0.000,0.000,6.135
2021-07-06 13:00:00,81.300,1021.300,0.000,0.000,0.000,4.888
2021-07-06 14:00:00,82.400,1021.600,0.000,0.000,0.000,2.119
2021-07-06 15:00:00,82.400,1021.600,0.000,0.000,0.000,-0.935
2021-07-06 16:00:00,82.900,1021.800,0.000,0.000,0.000,-3.422
2021-07-06 17:00:00,83.100,1021.500,0.000,0.000,0.000,-5.502
2021-07-06 18:00:00,84.700,1021.100,0.000,0.000,0.000,-6.234
2021-07-06 19:00:00,83.300,1020.500,0.000,0.000,0.000,-4.091
2021-07-06 20:00:00,83.700,1020.000,0.000,0.000,0.000,-0.085
2021-07-06 21:00:00,83.300,1019.400,0.000,0.000,0.000,3.691
2021-07-06 22:00:00,83.100,1019.000,0.000,0.000,0.000,6.158
2021-07-06 23:00:00,82.200,1019.100,0.000,0.000,0.000,7.782
2021-07-07 00:00:00,80.200,1019.100,0.000,0.000,0.000,8.645
2021-07-07 01:00:00,79.300,1019.300,0.000,0.000,0.000,8.301
2021-07-07 02:00:00,78.100,1019.900,0.000,0.000,0.000,6.512
2021-07-07 03:00:00,76.800,1020.300,0.000,0.000,0.000,3.497
2021-07-07 04:00:00,76.300,1020.100,0.000,0.000,0.000,0.614
2021-07-07 05:00:00,76.100,1019.800,0.000,0.000,0.000,-1.959
2021-07-07 06:00:00,75.900,1019.400,0.000,0.000,0.000,-4.111
2021-07-07 07:00:00,76.100,1019.100,0.000,0.000,0.000,-5.262
2021-07-07 08:00:00,75.700,1018.700,0.000,0.000,0.000,-3.898
2021-07-07 09:00:00,74.800,1018.700,0.000,0.000,0.000,-0.302
2021-07-07 10:00:00,75.200,1018.800,0.000,0.000,0.000,3.100
2021-07-07 11:00:00,76.600,1019.000,0.000,0.000,0.000,5.361
2021-07-07 12:00:00,78.800,1019.400,0.000,0.000,0.000,6.447
2021-07-07 13:00:00,81.000,1019.600,0.000,0.000,0.000,6.319
2021-07-07 14:00:00,82.800,1019.500,0.000,0.000,0.000,4.370
2021-07-07 15:00:00,84.200,1019.500,0.000,0.000,0.000,1.368
2021-07-07 16:00:00,79.700,1020.400,0.000,0.000,0.000,-1.280
2021-07-07 17:00:00,83.800,1019.600,0.000,0.000,0.000,-3.520
2021-07-07 18:00:00,84.400,1018.800,0.000,0.000,0.000,-5.469
2021-07-07 19:00:00,87.100,1018.200,0.000,0.000,0.000,-5.404
2021-07-07 20:00:00,85.500,1017.700,0.000,0.000,0.000,-2.972
2021-07-07 21:00:00,84.700,1017.600,0.000,0.000,0.000,1.280
2021-07-07 22:00:00,84.000,1017.200,0.000,0.000,0.000,4.705
2021-07-07 23:00:00,82.900,1017.300,0.000,0.000,0.000,6.998
2021-07-08 00:00:00,81.900,1017.200,0.000,0.000,0.000,8.547
2021-07-08 01:00:00,81.500,1017.500,0.000,0.000,0.000,9.259
2021-07-08 02:00:00,81.100,1017.900,0.000,0.000,0.000,8.707
2021-07-08 03:00:00,81.100,1017.600,0.000,0.000,0.000,6.663
2021-07-08 04:00:00,80.800,1017.700,0.000,0.000,0.000,3.445
2021-07-08 05:00:00,81.100,1017.600,0.000,0.000,0.000,0.571
2021-07-08 06:00:00,80.600,1017.200,0.000,0.000,0.000,-1.969
2021-07-08 07:00:00,80.400,1016.400,0.000,0.000,0.000,-3.865
2021-07-08 08:00:00,80.600,1015.900,0.000,0.000,0.000,-4.327
2021-07-08 09:00:00,80.400,1015.400,0.000,0.000,0.000,-2.313
2021-07-08 10:00:00,79.900,1015.300,0.000,0.000,0.000,1.529
2021-07-08 11:00:00,80.400,1014.800,0.000,0.000,0.000,4.951
2021-07-08 12:00:00,79.000,1015.200,0.000,0.000,0.000,7.018
2021-07-08 13:00:00,78.400,1014.700,0.000,0.000,0.000,8.192
2021-07-08 14:00:00,77.000,1013.900,0.000,0.000,0.000,9.019
2021-07-08 15:00:00,77.500,1013.600,0.000,0.000,0.000,7.749
2021-07-08 16:00:00,79.300,1013.000,0.000,0.000,0.000,5.974
2021-07-08 17:00:00,79.200,1012.200,0.000,0.000,0.000,3.780
2021-07-08 18:00:00,80.200,1012.100,0.000,0.000,0.000,1.614
2021-07-08 19:00:00,80.800,1012.100,0.000,0.000,0.000,0.141
2021-07-08 20:00:00,81.700,1011.700,0.000,0.000,0.000,-0.246
2021-07-08 21:00:00,81.700,1012.300,0.000,0.000,0.000,1.670
2021-07-08 22:00:00,81.100,1012.800,0.000,0.000,0.000,4.672
2021-07-08 23:00:00,81.000,1013.400,0.000,0.000,0.000,7.041
2021-07-09 00:00:00,79.900,1014.100,0.000,0.000,0.000,8.579
2021-07-09 01:00:00,79.700,1015.000,0.000,0.000,0.000,9.646
2021-07-09 02:00:00,79.300,1015.900,0.000,0.000,0.000,10.128
2021-07-09 03:00:00,79.000,1016.400,0.000,0.000,0.000,9.075
2021-07-09 04:00:00,78.600,1016.500,0.000,0.000,0.000,6.394
2021-07-09 05:00:00,79.200,1016.400,0.000,0.000,0.000,3.379
2021-07-09 06:00:00,79.200,1015.800,0.000,0.000,0.000,0.472
2021-07-09 07:00:00,78.800,1015.100,0.000,0.000,0.000,-2.238
2021-07-09 08:00:00,78.400,1015.100,0.000,0.000,0.000,-4.337
2021-07-09 09:00:00,77.700,1015.400,0.000,0.000,0.000,-5.082
2021-07-09 10:00:00,76.600,1016.000,0.000,0.000,0.000,-2.303
2021-07-09 11:00:00,77.200,1016.400,0.000,0.000,0.000,2.057
2021-07-09 12:00:00,78.800,1016.700,0.000,0.000,0.000,4.682
2021-07-09 13:00:00,81.900,1016.600,0.000,0.000,0.000,6.309
2021-07-09 14:00:00,84.400,1016.600,0.000,0.000,0.000,6.749
2021-07-09 15:00:00,87.600,1016.300,0.000,0.000,0.000,5.932
2021-07-09 16:00:00,89.100,1016.200,0.000,0.000,0.000,3.435
2021-07-09 17:00:00,90.300,1015.800,0.000,0.000,0.000,0.367
2021-07-09 18:00:00,92.500,1015.700,0.000,0.000,0.000,-2.379
2021-07-09 19:00:00,89.100,1015.200,0.000,0.000,0.000,-4.639
2021-07-09 20:00:00,88.900,1014.300,0.000,0.000,0.000,-5.994
2021-07-09 21:00:00,88.700,1014.500,0.000,0.000,0.000,-4.521
2021-07-09 22:00:00,86.900,1014.400,0.000,0.000,0.000,0.118
2021-07-09 23:00:00,84.000,1015.000,0.000,0.000,0.000,4.360
2022-09-25 00:00:00,70.000,1016.800,0.000,0.000,0.000,8.665
2022-09-25 01:00:00,70.200,1016.800,0.000,0.000,0.000,10.085
2022-09-25 02:00:00,70.500,1016.600,0.000,0.000,0.000,10.397
2022-09-25 03:00:00,69.100,1016.400,0.000,0.000,0.000,8.740
2022-09-25 04:00:00,69.300,1015.900,0.000,0.000,0.000,5.833
2022-09-25 05:00:00,66.900,1015.500,0.000,0.000,0.000,2.671
2022-09-25 06:00:00,66.700,1015.000,0.000,0.000,0.000,-0.171
2022-09-25 07:00:00,65.100,1014.500,0.000,0.000,0.000,-2.487
2022-09-25 08:00:00,64.000,1014.400,0.000,0.000,0.000,-3.960
2022-09-25 09:00:00,65.500,1014.200,0.000,0.000,0.000,-3.615
2022-09-25 10:00:00,64.600,1014.700,0.000,0.000,0.000,-0.033
2022-09-25 11:00:00,64.600,1014.600,0.000,0.000,0.000,4.035
2022-09-25 12:00:00,66.700,1014.900,0.000,0.000,0.000,6.588
2022-09-25 13:00:00,70.700,1015.100,0.000,0.000,0.000,8.159
2022-09-25 14:00:00,75.600,1014.800,0.000,0.000,0.000,9.108
2022-09-25 15:00:00,79.000,1014.400,0.000,0.000,0.000,8.881
2022-09-25 16:00:00,80.600,1013.500,0.000,0.000,0.000,6.706
2022-09-25 17:00:00,81.700,1012.600,0.000,0.000,0.000,3.488
2022-09-25 18:00:00,82.400,1011.600,0.000,0.000,0.000,0.397
2022-09-25 19:00:00,82.900,1010.900,0.000,0.000,0.000,-2.238
2022-09-25 20:00:00,81.900,1009.700,0.000,0.000,0.000,-4.186
2022-09-25 21:00:00,81.700,1009.700,0.000,0.000,0.000,-4.049
2022-09-25 22:00:00,79.700,1009.700,0.000,0.000,0.000,0.075
2022-09-25 23:00:00,77.400,1010.100,0.000,0.000,0.000,4.856
2022-09-26 00:00:00,75.900,1010.200,0.000,0.000,0.000,7.480
2022-09-26 01:00:00,76.100,1010.600,0.000,0.000,0.000,9.301
2022-09-26 02:00:00,75.900,1010.800,0.000,0.000,0.000,10.430
2022-09-26 03:00:00,76.500,1010.800,0.000,0.000,0.000,10.226
2022-09-26 04:00:00,76.500,1010.800,0.000,0.000,0.000,8.051
2022-09-26 05:00:00,76.500,1010.700,0.000,0.000,0.000,4.898
2022-09-26 06:00:00,74.800,1010.400,0.000,0.000,0.000,1.939
2022-09-26 07:00:00,74.700,1010.100,0.000,0.000,0.000,-0.636
2022-09-26 08:00:00,73.400,1010.100,0.000,0.000,0.000,-2.841
2022-09-26 09:00:00,71.600,1009.800,0.000,0.000,0.000,-4.272
2022-09-26 10:00:00,71.800,1009.800,0.000,0.000,0.000,-3.025
2022-09-26 11:00:00,70.500,1010.200,0.000,0.000,0.000,1.506
2022-09-26 12:00:00,71.200,1010.500,0.000,0.000,0.000,5.394
2022-09-26 13:00:00,74.300,1010.800,0.000,0.000,0.000,7.428
2022-09-26 14:00:00,77.500,1010.900,0.000,0.000,0.000,8.825
2022-09-26 15:00:00,84.400,1011.100,0.000,0.000,0.000,9.301
2022-09-26 16:00:00,81.500,1010.700,0.000,0.000,0.000,7.910
2022-09-26 17:00:00,84.200,1010.000,0.000,0.000,0.000,5.135
2022-09-26 18:00:00,86.700,1009.100,0.000,0.000,0.000,1.883
2022-09-26 19:00:00,87.300,1008.300,0.000,0.000,0.000,-1.033
2022-09-26 20:00:00,86.400,1007.800,0.000,0.000,0.000,-3.294
2022-09-26 21:00:00,85.300,1007.600,0.000,0.000,0.000,-4.616
2022-09-26 22:00:00,82.000,1008.100,0.000,0.000,0.000,-3.346
2022-09-26 23:00:00,79.200,1008.700,0.000,0.000,0.000,1.519
2022-09-27 00:00:00,76.800,1009.400,0.000,0.000,0.000,5.489
2022-09-27 01:00:00,76.500,1010.100,0.000,0.000,0.000,7.697
2022-09-27 02:00:00,76.100,1010.400,0.000,0.000,0.000,9.203
2022-09-27 03:00:00,75.700,1010.700,0.000,0.000,0.000,9.698
2022-09-27 04:00:00,75.400,1010.900,0.000,0.000,0.000,8.570
2022-09-27 05:00:00,73.800,1010.800,0.000,0.000,0.000,5.682
2022-09-27 06:00:00,73.000,1010.900,0.000,0.000,0.000,2.507
2022-09-27 07:00:00,71.200,1010.200,0.000,0.000,0.000,-0.344
2022-09-27 08:00:00,69.600,1009.800,0.000,0.000,0.000,-2.822
2022-09-27 09:00:00,68.000,1010.200,0.000,0.000,0.000,-4.974
2022-09-27 10:00:00,65.800,1010.900,0.000,0.000,0.000,-5.814
2022-09-27 11:00:00,66.400,1011.900,0.000,0.000,0.000,-2.162
2022-09-27 12:00:00,66.600,1012.600,0.000,0.000,0.000,2.595
2022-09-27 13:00:00,68.500,1012.800,0.000,0.000,0.000,5.758
2022-09-27 14:00:00,70.000,1013.700,0.000,0.000,0.000,7.428
2022-09-27 15:00:00,73.600,1014.100,0.000,0.000,0.000,8.675
2022-09-27 16:00:00,76.300,1013.800,0.000,0.000,0.000,8.655
2022-09-27 17:00:00,79.700,1013.700,0.000,0.000,0.000,6.749
2022-09-27 18:00:00,78.300,1013.500,0.000,0.000,0.000,3.530
2022-09-27 19:00:00,81.000,1013.300,0.000,0.000,0.000,0.236
2022-09-27 20:00:00,79.000,1013.300,0.000,0.000,0.000,-2.572
2022-09-27 21:00:00,79.000,1013.300,0.000,0.000,0.000,-4.875
2022-09-27 22:00:00,75.700,1013.600,0.000,0.000,0.000,-6.093
2022-09-27 23:00:00,71.100,1014.100,0.000,0.000,0.000,-3.855
2022-09-28 00:00:00,68.000,1015.000,0.000,0.000,0.000,1.506
2022-09-28 01:00:00,66.000,1015.700,0.000,0.000,0.000,5.328
2022-09-28 02:00:00,65.800,1016.200,0.000,0.000,0.000,7.297
2022-09-28 03:00:00,65.100,1016.300,0.000,0.000,0.000,8.556
2022-09-28 04:00:00,64.900,1016.700,0.000,0.000,0.000,8.514
2022-09-28 05:00:00,64.900,1017.000,0.000,0.000,0.000,6.532
2022-09-28 06:00:00,66.400,1017.100,0.000,0.000,0.000,3.346
2022-09-28 07:00:00,65.500,1017.600,0.000,0.000,0.000,0.151
2022-09-28 08:00:00,64.400,1017.600,0.000,0.000,0.000,-2.595
2022-09-28 09:00:00,63.000,1017.800,0.000,0.000,0.000,-5.069
2022-09-28 10:00:00,61.700,1018.600,0.000,0.000,0.000,-6.673
2022-09-28 11:00:00,60.800,1018.800,0.000,0.000,0.000,-6.243
2022-09-28 12:00:00,61.300,1018.900,0.000,0.000,0.000,-1.906
2022-09-28 13:00:00,65.300,1019.500,0.000,0.000,0.000,2.766
2022-09-28 14:00:00,66.700,1020.000,0.000,0.000,0.000,5.705
2022-09-28 15:00:00,70.300,1020.400,0.000,0.000,0.000,7.933
2022-09-28 16:00:00,72.300,1019.900,0.000,0.000,0.000,9.344
2022-09-28 17:00:00,74.100,1019.700,0.000,0.000,0.000,9.419
2022-09-28 18:00:00,74.800,1019.000,0.000,0.000,0.000,7.287
2022-09-28 19:00:00,75.000,1018.700,0.000,0.000,0.000,4.003
2022-09-28 20:00:00,74.700,1018.400,0.000,0.000,0.000,0.646
2022-09-28 21:00:00,73.000,1018.500,0.000,0.000,0.000,-2.303
2022-09-28 22:00:00,71.600,1018.600,0.000,0.000,0.000,-4.639
2022-09-28 23:00:00,69.300,1019.000,0.000,0.000,0.000,-5.479
2022-09-29 00:00:00,67.800,1019.300,0.000,0.000,0.000,-2.530
2022-09-29 01:00:00,67.500,1019.600,0.000,0.000,0.000,2.270
2022-09-29 02:00:00,67.500,1019.800,0.000,0.000,0.000,5.295
2022-09-29 03:00:00,66.200,1020.100,0.000,0.000,0.000,6.867
2022-09-29 04:00:00,65.500,1020.100,0.000,0.000,0.000,7.621
2022-09-29 05:00:00,65.100,1019.600,0.000,0.000,0.000,7.320
2022-09-29 06:00:00,65.500,1019.600,0.000,0.000,0.000,5.512
2022-09-29 07:00:00,65.500,1018.700,0.000,0.000,0.000,2.402
2022-09-29 08:00:00,65.100,1018.200,0.000,0.000,0.000,-0.646
2022-09-29 09:00:00,64.900,1017.900,0.000,0.000,0.000,-3.360
2022-09-29 10:00:00,63.900,1018.500,0.000,0.000,0.000,-5.801
2022-09-29 11:00:00,62.600,1018.400,0.000,0.000,0.000,-6.781
2022-09-29 12:00:00,63.500,1018.200,0.000,0.000,0.000,-5.007
2022-09-29 13:00:00,63.700,1018.200,0.000,0.000,0.000,-0.098
2022-09-29 14:00:00,64.400,1018.900,0.000,0.000,0.000,3.907
2022-09-29 15:00:00,65.300,1019.100,0.000,0.000,0.000,6.772
2022-09-29 16:00:00,65.500,1018.600,0.000,0.000,0.000,8.967
2022-09-29 17:00:00,65.800,1018.500,0.000,0.000,0.000,10.151
2022-09-29 18:00:00,66.200,1017.800,0.000,0.000,0.000,9.698
2022-09-29 19:00:00,66.700,1017.200,0.000,0.000,0.000,7.490
2022-09-29 20:00:00,67.300,1016.700,0.000,0.000,0.000,4.242
2022-09-29 21:00:00,66.600,1016.100,0.000,0.000,0.000,1.024
2022-09-29 22:00:00,65.800,1016.200,0.000,0.000,0.000,-1.594
2022-09-29 23:00:00,65.500,1015.500,0.000,0.000,0.000,-3.960
2022-09-30 00:00:00,64.800,1015.500,0.000,0.000,0.000,-5.092
2022-09-30 01:00:00,64.400,1015.800,0.000,0.000,0.000,-3.176
2022-09-30 02:00:00,62.600,1015.600,0.000,0.000,0.000,1.926
2022-09-30 03:00:00,62.600,1014.500,0.000,0.000,0.000,4.875
2022-09-30 04:00:00,63.300,1013.200,0.000,0.000,0.000,6.040
2022-09-30 05:00:00,63.700,1012.100,0.000,0.000,0.000,6.814
2022-09-30 06:00:00,63.300,1011.700,0.000,0.000,0.000,6.890
2022-09-30 07:00:00,63.300,1011.200,0.000,0.000,0.000,5.587
2022-09-30 08:00:00,63.700,1009.600,0.000,0.000,0.000,3.219
2022-09-30 09:00:00,64.800,1008.500,0.000,0.000,0.000,0.075
2022-09-30 10:00:00,64.800,1008.000,0.000,0.000,0.000,-2.487
2022-09-30 11:00:00,65.500,1007.400,0.000,0.000,0.000,-4.596
2022-09-30 12:00:00,66.600,1007.300,0.000,0.000,0.000,-5.564
2022-09-30 13:00:00,67.300,1006.000,0.000,0.000,0.000,-3.520
2022-09-30 14:00:00,67.300,1005.300,0.000,0.000,0.000,1.624
2022-09-30 15:00:00,67.600,1003.400,0.000,0.000,0.000,5.200
2022-09-30 16:00:00,68.400,1000.600,0.000,0.000,0.000,7.730
2022-09-30 17:00:00,71.200,997.800,0.000,0.000,0.000,9.826
2022-09-30 18:00:00,76.600,996.400,0.000,0.000,0.000,13.478
2022-09-30 19:00:00,76.600,995.400,0.000,0.000,0.000,16.135
2022-09-30 20:00:00,76.100,994.600,0.000,0.000,0.000,17.126
2022-09-30 21:00:00,75.000,994.500,0.000,0.000,0.000,16.234
2022-09-30 22:00:00,72.000,995.900,0.000,0.000,0.000,14.554
2022-09-30 23:00:00,70.200,997.000,0.000,0.000,0.000,12.152
2022-10-01 00:00:00,69.300,998.500,0.000,0.000,0.000,9.075
2022-10-01 01:00:00,68.900,1000.000,0.000,0.000,0.000,6.352
2022-10-01 02:00:00,68.400,1001.000,0.000,0.000,0.000,5.696
2022-10-01 03:00:00,68.200,1002.000,0.000,0.000,0.000,7.234
2022-10-01 04:00:00,66.400,1003.000,0.000,0.000,0.000,9.344
2022-10-01 05:00:00,66.200,1003.700,0.000,0.000,0.000,10.538
2022-10-01 06:00:00,66.600,1004.400,0.000,0.000,0.000,10.722
2022-10-01 07:00:00,66.000,1004.800,0.000,0.000,0.000,9.203
2022-10-01 08:00:00,65.800,1004.900,0.000,0.000,0.000,6.663
2022-10-01 09:00:00,65.500,1005.700,0.000,0.000,0.000,4.219
2022-10-01 10:00:00,64.200,1006.500,0.000,0.000,0.000,2.014
2022-10-01 11:00:00,63.100,1007.200,0.000,0.000,0.000,-0.246
2022-10-01 12:00:00,63.000,1008.300,0.000,0.000,0.000,-1.982
2022-10-01 13:00:00,65.100,1008.800,0.000,0.000,0.000,-2.628
2022-10-01 14:00:00,68.000,1009.000,0.000,0.000,0.000,-0.335
2022-10-01 15:00:00,70.000,1009.400,0.000,0.000,0.000,4.327
2022-10-01 16:00:00,72.300,1009.500,0.000,0.000,0.000,7.372
2022-10-01 17:00:00,74.800,1009.100,0.000,0.000,0.000,9.288
2022-10-01 18:00:00,75.600,1008.800,0.000,0.000,0.000,10.689
2022-10-01 19:00:00,77.500,1008.300,0.000,0.000,0.000,11.086
2022-10-01 20:00:00,77.400,1008.200,0.000,0.000,0.000,9.580
2022-10-01 21:00:00,78.100,1008.400,0.000,0.000,0.000,6.998
2022-10-01 22:00:00,73.600,1008.800,0.000,0.000,0.000,3.842
2022-10-01 23:00:00,70.000,1009.500,0.000,0.000,0.000,1.142
2022-10-02 00:00:00,67.600,1010.300,0.000,0.000,0.000,-1.119
2022-10-02 01:00:00,67.500,1010.900,0.000,0.000,0.000,-2.595
2022-10-02 02:00:00,65.800,1010.800,0.000,0.000,0.000,-2.100
2022-10-02 03:00:00,64.000,1011.000,0.000,0.000,0.000,0.873
2022-10-02 04:00:00,63.100,1010.900,0.000,0.000,0.000,4.219
2022-10-02 05:00:00,64.200,1010.500,0.000,0.000,0.000,6.490
2022-10-02 06:00:00,64.200,1010.300,0.000,0.000,0.000,7.674
2022-10-02 07:00:00,64.000,1010.200,0.000,0.000,0.000,8.051
2022-10-02 08:00:00,63.300,1009.800,0.000,0.000,0.000,7.028
2022-10-02 09:00:00,63.100,1010.000,0.000,0.000,0.000,4.587
2022-10-02 10:00:00,62.400,1010.200,0.000,0.000,0.000,1.775
2022-10-02 11:00:00,62.200,1010.900,0.000,0.000,0.000,-0.883
2022-10-02 12:00:00,62.200,1011.500,0.000,0.000,0.000,-3.133
2022-10-02 13:00:00,67.300,1011.800,0.000,0.000,0.000,-4.360
2022-10-02 14:00:00,68.700,1012.300,0.000,0.000,0.000,-3.540
2022-10-02 15:00:00,73.000,1012.100,0.000,0.000,0.000,0.656
2022-10-02 16:00:00,71.400,1011.700,0.000,0.000,0.000,4.865
2022-10-02 17:00:00,75.900,1011.300,0.000,0.000,0.000,7.405
2022-10-02 18:00:00,74.500,1011.000,0.000,0.000,0.000,9.321
2022-10-02 19:00:00,77.000,1010.500,0.000,0.000,0.000,10.764
2022-10-02 20:00:00,75.600,1010.800,0.000,0.000,0.000,11.293
2022-10-02 21:00:00,72.700,1011.300,0.000,0.000,0.000,9.915
2022-10-02 22:00:00,68.700,1012.000,0.000,0.000,0.000,7.060
2022-10-02 23:00:00,66.200,1012.700,0.000,0.000,0.000,4.101
2022-10-03 00:00:00,65.500,1013.200,0.000,0.000,0.000,1.302
2022-10-03 01:00:00,64.000,1013.700,0.000,0.000,0.000,-1.260
2022-10-03 02:00:00,62.600,1013.800,0.000,0.000,0.000,-3.133
2022-10-03 03:00:00,63.100,1013.700,0.000,0.000,0.000,-3.294
2022-10-03 04:00:00,63.100,1013.800,0.000,0.000,0.000,-0.377
2022-10-03 05:00:00,62.100,1013.900,0.000,0.000,0.000,3.563
2022-10-03 06:00:00,61.700,1013.700,0.000,0.000,0.000,5.932
2022-10-03 07:00:00,61.300,1013.700,0.000,0.000,0.000,7.234
2022-10-03 08:00:00,60.400,1014.000,0.000,0.000,0.000,7.405
2022-10-03 09:00:00,60.300,1014.400,0.000,0.000,0.000,6.621
2022-10-03 10:00:00,59.000,1015.200,0.000,0.000,0.000,4.209
2022-10-03 11:00:00,58.500,1015.700,0.000,0.000,0.000,1.302
2022-10-03 12:00:00,58.500,1016.000,0.000,0.000,0.000,-1.237
2022-10-03 13:00:00,59.000,1016.400,0.000,0.000,0.000,-3.435
2022-10-03 14:00:00,58.500,1016.800,0.000,0.000,0.000,-4.918
2022-10-03 15:00:00,59.000,1016.800,0.000,0.000,0.000,-4.931
2022-10-03 16:00:00,59.000,1017.000,0.000,0.000,0.000,-1.463
2022-10-03 17:00:00,60.300,1016.900,0.000,0.000,0.000,3.209
2022-10-03 18:00:00,60.800,1016.500,0.000,0.000,0.000,6.188
2022-10-03 19:00:00,61.000,1015.900,0.000,0.000,0.000,8.278
2022-10-03 20:00:00,60.300,1015.900,0.000,0.000,0.000,9.741
2022-10-03 21:00:00,59.200,1016.400,0.000,0.000,0.000,10.226
2022-10-03 22:00:00,58.600,1017.000,0.000,0.000,0.000,9.062
2022-10-03 23:00:00,58.100,1017.200,0.000,0.000,0.000,6.588
2022-11-07 00:00:00,72.100,1022.100,0.000,0.000,0.000,6.975
2022-11-07 01:00:00,70.900,1022.300,0.000,0.000,0.000,8.094
2022-11-07 02:00:00,67.300,1022.500,0.000,0.000,0.000,7.835
2022-11-07 03:00:00,69.400,1022.700,0.000,0.000,0.000,4.993
2022-11-07 04:00:00,68.900,1022.500,0.000,0.000,0.000,1.280
2022-11-07 05:00:00,65.500,1022.600,0.000,0.000,0.000,-1.926
2022-11-07 06:00:00,64.600,1022.400,0.000,0.000,0.000,-4.757
2022-11-07 07:00:00,63.500,1022.300,0.000,0.000,0.000,-7.008
2022-11-07 08:00:00,62.100,1021.900,0.000,0.000,0.000,-7.621
2022-11-07 09:00:00,63.900,1022.100,0.000,0.000,0.000,-3.615
2022-11-07 10:00:00,63.300,1022.400,0.000,0.000,0.000,1.670
2022-11-07 11:00:00,62.400,1022.900,0.000,0.000,0.000,5.112
2022-11-07 12:00:00,63.300,1023.000,0.000,0.000,0.000,7.343
2022-11-07 13:00:00,71.800,1023.600,0.000,0.000,0.000,8.707
2022-11-07 14:00:00,77.200,1023.900,0.000,0.000,0.000,9.009
2022-11-07 15:00:00,81.300,1023.800,0.000,0.000,0.000,7.385
2022-11-07 16:00:00,84.600,1023.500,0.000,0.000,0.000,4.252
2022-11-07 17:00:00,81.300,1022.800,0.000,0.000,0.000,0.906
2022-11-07 18:00:00,84.200,1021.900,0.000,0.000,0.000,-1.699
2022-11-07 19:00:00,80.800,1021.500,0.000,0.000,0.000,-4.888
2022-11-07 20:00:00,82.600,1021.400,0.000,0.000,0.000,-7.060
2022-11-07 21:00:00,81.300,1021.500,0.000,0.000,0.000,-7.513
2022-11-07 22:00:00,77.400,1021.500,0.000,0.000,0.000,-3.153
2022-11-07 23:00:00,73.800,1021.700,0.000,0.000,0.000,2.110
2022-11-08 00:00:00,71.100,1022.100,0.000,0.000,0.000,5.285
2022-11-08 01:00:00,70.500,1022.100,0.000,0.000,0.000,7.093
2022-11-08 02:00:00,67.300,1022.300,0.000,0.000,0.000,7.707
2022-11-08 03:00:00,67.300,1022.400,0.000,0.000,0.000,6.578
2022-11-08 04:00:00,68.000,1022.700,0.000,0.000,0.000,3.346
2022-11-08 05:00:00,70.200,1022.800,0.000,0.000,0.000,-0.194
2022-11-08 06:00:00,69.600,1022.600,0.000,0.000,0.000,-3.091
2022-11-08 07:00:00,68.500,1022.500,0.000,0.000,0.000,-5.650
2022-11-08 08:00:00,67.600,1022.400,0.000,0.000,0.000,-7.579
2022-11-08 09:00:00,67.100,1022.400,0.000,0.000,0.000,-7.201
2022-11-08 10:00:00,66.000,1023.000,0.000,0.000,0.000,-2.562
2022-11-08 11:00:00,64.600,1023.800,0.000,0.000,0.000,2.133
2022-11-08 12:00:00,63.900,1024.600,0.000,0.000,0.000,5.210
2022-11-08 13:00:00,65.500,1025.500,0.000,0.000,0.000,7.201
2022-11-08 14:00:00,66.400,1026.100,0.000,0.000,0.000,8.320
2022-11-08 15:00:00,67.800,1026.500,0.000,0.000,0.000,8.278
2022-11-08 16:00:00,69.600,1026.600,0.000,0.000,0.000,6.352
2022-11-08 17:00:00,71.100,1026.100,0.000,0.000,0.000,3.284
2022-11-08 18:00:00,71.800,1025.300,0.000,0.000,0.000,0.108
2022-11-08 19:00:00,71.200,1025.400,0.000,0.000,0.000,-2.831
2022-11-08 20:00:00,69.800,1025.100,0.000,0.000,0.000,-5.187
2022-11-08 21:00:00,67.800,1025.800,0.000,0.000,0.000,-6.847
2022-11-08 22:00:00,64.400,1026.300,0.000,0.000,0.000,-6.243
2022-11-08 23:00:00,60.400,1027.000,0.000,0.000,0.000,-1.818
2022-11-09 00:00:00,58.800,1027.700,0.000,0.000,0.000,2.208
2022-11-09 01:00:00,57.000,1027.900,0.000,0.000,0.000,4.833
2022-11-09 02:00:00,57.000,1027.800,0.000,0.000,0.000,6.352
2022-11-09 03:00:00,55.900,1027.800,0.000,0.000,0.000,6.847
2022-11-09 04:00:00,54.900,1027.400,0.000,0.000,0.000,5.846
2022-11-09 05:00:00,54.900,1027.100,0.000,0.000,0.000,2.982
2022-11-09 06:00:00,54.500,1026.700,0.000,0.000,0.000,-0.354
2022-11-09 07:00:00,53.100,1026.600,0.000,0.000,0.000,-3.120
2022-11-09 08:00:00,53.100,1026.200,0.000,0.000,0.000,-5.587
2022-11-09 09:00:00,54.000,1026.000,0.000,0.000,0.000,-7.146
2022-11-09 10:00:00,55.600,1026.100,0.000,0.000,0.000,-6.083
2022-11-09 11:00:00,55.900,1026.100,0.000,0.000,0.000,-1.024
2022-11-09 12:00:00,57.200,1026.600,0.000,0.000,0.000,3.284
2022-11-09 13:00:00,58.500,1027.200,0.000,0.000,0.000,6.135
2022-11-09 14:00:00,61.200,1027.400,0.000,0.000,0.000,8.179
2022-11-09 15:00:00,61.900,1027.600,0.000,0.000,0.000,9.419
2022-11-09 16:00:00,65.500,1027.200,0.000,0.000,0.000,9.396
2022-11-09 17:00:00,66.200,1026.500,0.000,0.000,0.000,7.405
2022-11-09 18:00:00,67.100,1025.900,0.000,0.000,0.000,4.219
2022-11-09 19:00:00,68.000,1025.400,0.000,0.000,0.000,0.873
2022-11-09 20:00:00,68.000,1025.200,0.000,0.000,0.000,-1.906
2022-11-09 21:00:00,67.300,1025.200,0.000,0.000,0.000,-4.252
2022-11-09 22:00:00,66.200,1025.100,0.000,0.000,0.000,-5.512
2022-11-09 23:00:00,64.600,1025.200,0.000,0.000,0.000,-4.049
2022-11-10 00:00:00,63.500,1025.200,0.000,0.000,0.000,0.335
2022-11-10 01:00:00,62.800,1024.800,0.000,0.000,0.000,3.993
2022-11-10 02:00:00,62.100,1024.500,0.000,0.000,0.000,6.115
2022-11-10 03:00:00,61.500,1024.300,0.000,0.000,0.000,7.395
2022-11-10 04:00:00,61.500,1024.000,0.000,0.000,0.000,7.612
2022-11-10 05:00:00,61.300,1023.700,0.000,0.000,0.000,6.220
2022-11-10 06:00:00,60.400,1023.100,0.000,0.000,0.000,3.337
2022-11-10 07:00:00,60.800,1022.700,0.000,0.000,0.000,0.161
2022-11-10 08:00:00,60.600,1022.100,0.000,0.000,0.000,-2.379
2022-11-10 09:00:00,60.600,1021.600,0.000,0.000,0.000,-4.318
2022-11-10 10:00:00,60.600,1021.100,0.000,0.000,0.000,-4.715
2022-11-10 11:00:00,61.300,1020.600,0.000,0.000,0.000,-1.043
2022-11-10 12:00:00,61.700,1020.600,0.000,0.000,0.000,3.648
2022-11-10 13:00:00,63.000,1020.700,0.000,0.000,0.000,6.512
2022-11-10 14:00:00,65.500,1020.900,0.000,0.000,0.000,8.675
2022-11-10 15:00:00,67.800,1020.500,0.000,0.000,0.000,10.486
2022-11-10 16:00:00,70.700,1020.100,0.000,0.000,0.000,11.398
2022-11-10 17:00:00,70.200,1019.300,0.000,0.000,0.000,10.850
2022-11-10 18:00:00,69.100,1018.500,0.000,0.000,0.000,8.448
2022-11-10 19:00:00,70.200,1017.800,0.000,0.000,0.000,5.427
2022-11-10 20:00:00,69.400,1017.400,0.000,0.000,0.000,2.464
2022-11-10 21:00:00,69.600,1016.900,0.000,0.000,0.000,0.023
2022-11-10 22:00:00,69.800,1016.600,0.000,0.000,0.000,-1.581
2022-11-10 23:00:00,70.500,1016.300,0.000,0.000,0.000,-1.798
2022-11-11 00:00:00,71.100,1016.000,0.000,0.000,0.000,1.647
2022-11-11 01:00:00,71.600,1015.900,0.000,0.000,0.000,5.479
2022-11-11 02:00:00,72.300,1015.300,0.000,0.000,0.000,7.674
2022-11-11 03:00:00,73.000,1015.000,0.000,0.000,0.000,9.170
2022-11-11 04:00:00,73.900,1014.400,0.000,0.000,0.000,9.590
2022-11-11 05:00:00,74.300,1013.900,0.000,0.000,0.000,8.698
2022-11-11 06:00:00,74.300,1013.300,0.000,0.000,0.000,6.447
2022-11-11 07:00:00,73.900,1012.300,0.000,0.000,0.000,3.606
2022-11-11 08:00:00,74.100,1011.800,0.000,0.000,0.000,1.001
2022-11-11 09:00:00,74.300,1010.800,0.000,0.000,0.000,-1.401
2022-11-11 10:00:00,74.500,1010.700,0.000,0.000,0.000,-2.831
2022-11-11 11:00:00,74.800,1010.500,0.000,0.000,0.000,-1.808
2022-11-11 12:00:00,75.200,1010.100,0.000,0.000,0.000,2.703
2022-11-11 13:00:00,75.700,1010.200,0.000,0.000,0.000,6.394
2022-11-11 14:00:00,76.500,1010.100,0.000,0.000,0.000,8.599
2022-11-11 15:00:00,77.400,1009.700,0.000,0.000,0.000,10.430
2022-11-11 16:00:00,77.000,1009.600,0.000,0.000,0.000,11.591
2022-11-11 17:00:00,75.600,1008.600,0.000,0.000,0.000,11.473
2022-11-11 18:00:00,76.500,1007.500,0.000,0.000,0.000,9.505
2022-11-11 19:00:00,76.100,1007.000,0.000,0.000,0.000,6.673
2022-11-11 20:00:00,77.000,1006.600,0.000,0.000,0.000,3.766
2022-11-11 21:00:00,76.800,1006.700,0.000,0.000,0.000,1.325
2022-11-11 22:00:00,76.500,1006.600,0.000,0.000,0.000,-0.906
2022-11-11 23:00:00,75.700,1006.500,0.000,0.000,0.000,-2.119
2022-11-12 00:00:00,75.900,1006.600,0.000,0.000,0.000,-0.906
2022-11-12 01:00:00,76.100,1006.600,0.000,0.000,0.000,2.940
2022-11-12 02:00:00,75.700,1006.600,0.000,0.000,0.000,6.017
2022-11-12 03:00:00,74.500,1006.900,0.000,0.000,0.000,7.490
2022-11-12 04:00:00,73.400,1007.400,0.000,0.000,0.000,8.386
2022-11-12 05:00:00,73.200,1007.800,0.000,0.000,0.000,8.514
2022-11-12 06:00:00,72.700,1008.000,0.000,0.000,0.000,7.362
2022-11-12 07:00:00,72.000,1008.400,0.000,0.000,0.000,4.498
2022-11-12 08:00:00,71.200,1008.400,0.000,0.000,0.000,1.453
2022-11-12 09:00:00,71.100,1008.500,0.000,0.000,0.000,-1.142
2022-11-12 10:00:00,71.100,1008.800,0.000,0.000,0.000,-3.465
2022-11-12 11:00:00,70.500,1009.500,0.000,0.000,0.000,-4.843
2022-11-12 12:00:00,70.000,1009.900,0.000,0.000,0.000,-3.176
2022-11-12 13:00:00,70.300,1010.300,0.000,0.000,0.000,1.345
2022-11-12 14:00:00,71.200,1010.900,0.000,0.000,0.000,4.941
2022-11-12 15:00:00,70.700,1011.200,0.000,0.000,0.000,6.877
2022-11-12 16:00:00,70.700,1011.100,0.000,0.000,0.000,8.320
2022-11-12 17:00:00,70.300,1010.400,0.000,0.000,0.000,9.108
2022-11-12 18:00:00,70.300,1009.900,0.000,0.000,0.000,8.632
2022-11-12 19:00:00,71.600,1009.500,0.000,0.000,0.000,6.234
2022-11-12 20:00:00,73.400,1009.400,0.000,0.000,0.000,3.284
2022-11-12 21:00:00,73.800,1009.600,0.000,0.000,0.000,0.787
2022-11-12 22:00:00,71.400,1009.900,0.000,0.000,0.000,-1.581
2022-11-12 23:00:00,69.100,1010.300,0.000,0.000,0.000,-3.540
2022-11-13 00:00:00,67.800,1010.400,0.000,0.000,0.000,-4.229
2022-11-13 01:00:00,67.100,1010.500,0.000,0.000,0.000,-1.637
2022-11-13 02:00:00,66.700,1010.800,0.000,0.000,0.000,1.755
2022-11-13 03:00:00,66.700,1011.000,0.000,0.000,0.000,3.950
2022-11-13 04:00:00,66.900,1010.700,0.000,0.000,0.000,5.200
2022-11-13 05:00:00,67.100,1010.600,0.000,0.000,0.000,5.771
2022-11-13 06:00:00,66.000,1010.300,0.000,0.000,0.000,5.673
2022-11-13 07:00:00,66.700,1010.400,0.000,0.000,0.000,3.445
2022-11-13 08:00:00,66.400,1010.200,0.000,0.000,0.000,0.666
2022-11-13 09:00:00,65.800,1010.300,0.000,0.000,0.000,-1.624
2022-11-13 10:00:00,65.100,1011.000,0.000,0.000,0.000,-3.747
2022-11-13 11:00:00,64.800,1011.600,0.000,0.000,0.000,-5.210
2022-11-13 12:00:00,64.600,1012.200,0.000,0.000,0.000,-5.144
2022-11-13 13:00:00,64.800,1013.000,0.000,0.000,0.000,-2.133
2022-11-13 14:00:00,61.700,1014.200,0.000,0.000,0.000,1.614
2022-11-13 15:00:00,60.600,1015.000,0.000,0.000,0.000,4.167
2022-11-13 16:00:00,63.300,1015.400,0.000,0.000,0.000,5.725
2022-11-13 17:00:00,64.000,1014.900,0.000,0.000,0.000,6.578
2022-11-13 18:00:00,67.500,1014.700,0.000,0.000,0.000,6.683
2022-11-13 19:00:00,67.100,1014.800,0.000,0.000,0.000,5.328
2022-11-13 20:00:00,66.200,1015.200,0.000,0.000,0.000,2.959
2022-11-13 21:00:00,64.200,1016.200,0.000,0.000,0.000,0.194
2022-11-13 22:00:00,58.300,1017.000,0.000,0.000,0.000,-2.369
2022-11-13 23:00:00,54.500,1018.100,0.000,0.000,0.000,-4.370
2023-08-27 00:00:00,79.300,1009.200,0.000,0.000,0.000,6.749
2023-08-27 01:00:00,81.000,1009.000,0.000,0.000,0.000,3.724
2023-08-27 02:00:00,80.800,1009.200,0.000,0.000,0.000,0.623
2023-08-27 03:00:00,80.400,1009.400,0.000,0.000,0.000,-1.991
2023-08-27 04:00:00,80.200,1009.700,0.000,0.000,0.000,-4.544
2023-08-27 05:00:00,79.700,1009.900,0.000,0.000,0.000,-5.531
2023-08-27 06:00:00,79.200,1009.700,0.000,0.000,0.000,-4.068
2023-08-27 07:00:00,78.800,1009.500,0.000,0.000,0.000,-0.217
2023-08-27 08:00:00,77.500,1009.300,0.000,0.000,0.000,3.271
2023-08-27 09:00:00,77.200,1009.200,0.000,0.000,0.000,4.951
2023-08-27 10:00:00,77.200,1009.500,0.000,0.000,0.000,5.738
2023-08-27 11:00:00,77.200,1009.700,0.000,0.000,0.000,5.328
2023-08-27 12:00:00,79.300,1009.900,0.000,0.000,0.000,3.196
2023-08-27 13:00:00,82.200,1010.000,0.000,0.000,0.000,0.246
2023-08-27 14:00:00,85.800,1010.000,0.000,0.000,0.000,-2.421
2023-08-27 15:00:00,89.200,1010.300,0.000,0.000,0.000,-4.813
2023-08-27 16:00:00,90.500,1009.800,0.000,0.000,0.000,-6.814
2023-08-27 17:00:00,91.200,1009.500,0.000,0.000,0.000,-7.707
2023-08-27 18:00:00,91.200,1008.900,0.000,0.000,0.000,-5.607
2023-08-27 19:00:00,87.600,1008.500,0.000,0.000,0.000,-0.915
2023-08-27 20:00:00,87.600,1007.700,0.000,0.000,0.000,3.445
2023-08-27 21:00:00,86.900,1009.300,0.000,0.000,0.000,6.696
2023-08-27 22:00:00,73.600,1009.500,0.000,0.000,0.000,8.645
2023-08-27 23:00:00,75.700,1010.400,0.000,0.000,0.000,9.570
2023-08-28 00:00:00,74.700,1010.800,0.000,0.000,0.000,9.580
2023-08-28 01:00:00,74.100,1010.800,0.000,0.000,0.000,7.566
2023-08-28 02:00:00,74.100,1011.400,0.000,0.000,0.000,4.360
2023-08-28 03:00:00,75.000,1011.900,0.000,0.000,0.000,1.119
2023-08-28 04:00:00,76.100,1011.800,0.000,0.000,0.000,-1.670
2023-08-28 05:00:00,76.800,1011.300,0.000,0.000,0.000,-4.167
2023-08-28 06:00:00,76.800,1010.400,0.000,0.000,0.000,-5.682
2023-08-28 07:00:00,77.000,1010.000,0.000,0.000,0.000,-4.587
2023-08-28 08:00:00,77.000,1009.500,0.000,0.000,0.000,0.141
2023-08-28 09:00:00,76.800,1009.500,0.000,0.000,0.000,4.564
2023-08-28 10:00:00,76.500,1010.300,0.000,0.000,0.000,6.427
2023-08-28 11:00:00,76.600,1011.300,0.000,0.000,0.000,7.523
2023-08-28 12:00:00,78.600,1011.500,0.000,0.000,0.000,7.536
2023-08-28 13:00:00,82.400,1011.400,0.000,0.000,0.000,5.889
2023-08-28 14:00:00,84.900,1012.100,0.000,0.000,0.000,2.776
2023-08-28 15:00:00,87.800,1012.300,0.000,0.000,0.000,-0.453
2023-08-28 16:00:00,86.200,1012.100,0.000,0.000,0.000,-3.077
2023-08-28 17:00:00,84.900,1011.900,0.000,0.000,0.000,-5.351
2023-08-28 18:00:00,86.900,1011.200,0.000,0.000,0.000,-6.824
2023-08-28 19:00:00,88.300,1010.800,0.000,0.000,0.000,-5.597
2023-08-28 20:00:00,87.300,1010.300,0.000,0.000,0.000,-0.259
2023-08-28 21:00:00,87.300,1010.200,0.000,0.000,0.000,4.531
2023-08-28 22:00:00,86.200,1010.500,0.000,0.000,0.000,7.169
2023-08-28 23:00:00,85.600,1010.500,0.000,0.000,0.000,9.386
2023-08-29 00:00:00,83.800,1011.000,0.000,0.000,0.000,10.873
2023-08-29 01:00:00,83.300,1011.500,0.000,0.000,0.000,10.968
2023-08-29 02:00:00,81.700,1012.000,0.000,0.000,0.000,8.891
2023-08-29 03:00:00,81.900,1012.600,0.000,0.000,0.000,5.446
2023-08-29 04:00:00,81.900,1012.500,0.000,0.000,0.000,2.185
2023-08-29 05:00:00,79.300,1012.100,0.000,0.000,0.000,-0.860
2023-08-29 06:00:00,78.300,1011.700,0.000,0.000,0.000,-3.606
2023-08-29 07:00:00,77.500,1011.500,0.000,0.000,0.000,-5.531
2023-08-29 08:00:00,78.800,1011.300,0.000,0.000,0.000,-4.833
2023-08-29 09:00:00,77.000,1011.200,0.000,0.000,0.000,0.171
2023-08-29 10:00:00,77.000,1010.900,0.000,0.000,0.000,4.705
2023-08-29 11:00:00,76.600,1011.200,0.000,0.000,0.000,7.060
2023-08-29 12:00:00,80.800,1011.600,0.000,0.000,0.000,8.396
2023-08-29 13:00:00,84.700,1012.000,0.000,0.000,0.000,8.665
2023-08-29 14:00:00,90.700,1012.600,0.000,0.000,0.000,6.985
2023-08-29 15:00:00,91.200,1012.700,0.000,0.000,0.000,3.799
2023-08-29 16:00:00,89.100,1012.300,0.000,0.000,0.000,0.367
2023-08-29 17:00:00,89.600,1011.500,0.000,0.000,0.000,-2.431
2023-08-29 18:00:00,90.000,1010.900,0.000,0.000,0.000,-4.984
2023-08-29 19:00:00,89.400,1010.300,0.000,0.000,0.000,-7.041
2023-08-29 20:00:00,88.300,1009.700,0.000,0.000,0.000,-6.168
2023-08-29 21:00:00,84.600,1009.700,0.000,0.000,0.000,-0.430
2023-08-29 22:00:00,84.600,1009.300,0.000,0.000,0.000,4.780
2023-08-29 23:00:00,85.500,1009.800,0.000,0.000,0.000,7.782
2023-08-30 00:00:00,82.800,1009.800,0.000,0.000,0.000,10.161
2023-08-30 01:00:00,80.200,1010.300,0.000,0.000,0.000,11.860
2023-08-30 02:00:00,80.400,1010.400,0.000,0.000,0.000,12.162
2023-08-30 03:00:00,80.200,1010.300,0.000,0.000,0.000,9.882
2023-08-30 04:00:00,79.900,1010.100,0.000,0.000,0.000,6.385
2023-08-30 05:00:00,79.700,1010.100,0.000,0.000,0.000,2.992
2023-08-30 06:00:00,80.100,1009.500,0.000,0.000,0.000,-0.269
2023-08-30 07:00:00,79.000,1008.800,0.000,0.000,0.000,-3.091
2023-08-30 08:00:00,77.700,1008.500,0.000,0.000,0.000,-5.276
2023-08-30 09:00:00,77.900,1008.400,0.000,0.000,0.000,-4.843
2023-08-30 10:00:00,78.400,1008.200,0.000,0.000,0.000,0.787
2023-08-30 11:00:00,78.300,1008.900,0.000,0.000,0.000,5.620
2023-08-30 12:00:00,80.400,1009.100,0.000,0.000,0.000,7.956
2023-08-30 13:00:00,80.600,1009.600,0.000,0.000,0.000,9.656
2023-08-30 14:00:00,77.900,1009.500,0.000,0.000,0.000,10.052
2023-08-30 15:00:00,79.500,1009.600,0.000,0.000,0.000,8.320
2023-08-30 16:00:00,79.300,1009.300,0.000,0.000,0.000,5.157
2023-08-30 17:00:00,79.500,1008.500,0.000,0.000,0.000,1.325
2023-08-30 18:00:00,80.600,1007.900,0.000,0.000,0.000,-1.614
2023-08-30 19:00:00,81.100,1007.100,0.000,0.000,0.000,-4.436
2023-08-30 20:00:00,78.600,1006.100,0.000,0.000,0.000,-6.545
2023-08-30 21:00:00,78.400,1005.200,0.000,0.000,0.000,-6.608
2023-08-30 22:00:00,78.800,1003.600,0.000,0.000,0.000,-0.505
2023-08-30 23:00:00,77.700,1002.000,0.000,0.000,0.000,5.036
2023-08-31 00:00:00,75.700,1002.800,0.000,0.000,0.000,9.259
2023-08-31 01:00:00,79.000,1001.800,0.000,0.000,0.000,12.057
2023-08-31 02:00:00,77.500,1000.500,0.000,0.000,0.000,13.927
2023-08-31 03:00:00,78.300,998.200,0.000,0.000,0.000,13.507
2023-08-31 04:00:00,77.900,997.600,0.000,0.000,0.000,10.633
2023-08-31 05:00:00,78.300,995.900,0.000,0.000,0.000,8.136
2023-08-31 06:00:00,78.300,994.300,0.000,0.000,0.000,5.801
2023-08-31 07:00:00,78.400,992.800,0.000,0.000,0.000,3.196
2023-08-31 08:00:00,78.600,992.000,0.000,0.000,0.000,0.410
2023-08-31 09:00:00,72.900,992.700,0.000,0.000,0.000,-1.926
2023-08-31 10:00:00,73.200,994.300,0.000,0.000,0.000,-3.510
2023-08-31 11:00:00,72.700,996.600,0.000,0.000,0.000,-2.822
2023-08-31 12:00:00,71.100,999.400,0.000,0.000,0.000,1.129
2023-08-31 13:00:00,71.400,1001.900,0.000,0.000,0.000,5.413
2023-08-31 14:00:00,70.000,1004.500,0.000,0.000,0.000,7.461
2023-08-31 15:00:00,69.600,1006.200,0.000,0.000,0.000,7.352
2023-08-31 16:00:00,72.500,1007.500,0.000,0.000,0.000,6.168
2023-08-31 17:00:00,75.200,1008.600,0.000,0.000,0.000,3.346
2023-08-31 18:00:00,74.800,1010.000,0.000,0.000,0.000,-0.052
2023-08-31 19:00:00,77.500,1011.100,0.000,0.000,0.000,-3.186
2023-08-31 20:00:00,79.700,1011.400,0.000,0.000,0.000,-5.801
2023-08-31 21:00:00,79.300,1011.900,0.000,0.000,0.000,-7.612
2023-08-31 22:00:00,78.100,1012.500,0.000,0.000,0.000,-7.073
2023-08-31 23:00:00,76.800,1012.800,0.000,0.000,0.000,-1.260
2023-09-01 00:00:00,74.100,1013.700,0.000,0.000,0.000,5.427
2023-09-01 01:00:00,72.700,1014.600,0.000,0.000,0.000,9.009
2023-09-01 02:00:00,72.300,1015.500,0.000,0.000,0.000,11.742
2023-09-01 03:00:00,71.400,1016.700,0.000,0.000,0.000,13.186
2023-09-01 04:00:00,70.000,1017.200,0.000,0.000,0.000,12.444
2023-09-01 05:00:00,69.100,1017.600,0.000,0.000,0.000,9.462
2023-09-01 06:00:00,68.200,1017.900,0.000,0.000,0.000,6.234
2023-09-01 07:00:00,67.100,1018.200,0.000,0.000,0.000,2.992
2023-09-01 08:00:00,65.300,1018.300,0.000,0.000,0.000,-0.010
2023-09-01 09:00:00,64.000,1018.600,0.000,0.000,0.000,-2.657
2023-09-01 10:00:00,63.300,1019.200,0.000,0.000,0.000,-4.285
2023-09-01 11:00:00,64.600,1019.600,0.000,0.000,0.000,-2.477
2023-09-01 12:00:00,66.400,1020.300,0.000,0.000,0.000,4.026
2023-09-01 13:00:00,71.800,1021.100,0.000,0.000,0.000,8.061
2023-09-01 14:00:00,73.900,1021.700,0.000,0.000,0.000,10.387
2023-09-01 15:00:00,76.600,1021.800,0.000,0.000,0.000,12.077
2023-09-01 16:00:00,79.500,1022.000,0.000,0.000,0.000,12.270
2023-09-01 17:00:00,81.100,1022.000,0.000,0.000,0.000,10.161
2023-09-01 18:00:00,82.600,1021.700,0.000,0.000,0.000,6.965
2023-09-01 19:00:00,82.000,1021.400,0.000,0.000,0.000,3.766
2023-09-01 20:00:00,82.600,1021.000,0.000,0.000,0.000,0.646
2023-09-01 21:00:00,80.600,1020.700,0.000,0.000,0.000,-2.270
2023-09-01 22:00:00,82.000,1020.800,0.000,0.000,0.000,-4.393
2023-09-01 23:00:00,80.600,1021.100,0.000,0.000,0.000,-3.898
2023-09-20 00:00:00,75.600,1017.700,0.000,0.000,0.000,-5.318
2023-09-20 01:00:00,72.900,1018.200,0.000,0.000,0.000,-2.119
2023-09-20 02:00:00,70.500,1018.500,0.000,0.000,0.000,1.949
2023-09-20 03:00:00,68.900,1019.100,0.000,0.000,0.000,4.682
2023-09-20 04:00:00,67.300,1019.400,0.000,0.000,0.000,6.027
2023-09-20 05:00:00,66.700,1019.300,0.000,0.000,0.000,6.490
2023-09-20 06:00:00,66.200,1019.100,0.000,0.000,0.000,5.705
2023-09-20 07:00:00,66.200,1018.900,0.000,0.000,0.000,3.563
2023-09-20 08:00:00,64.800,1018.800,0.000,0.000,0.000,0.774
2023-09-20 09:00:00,63.700,1019.200,0.000,0.000,0.000,-1.699
2023-09-20 10:00:00,63.300,1019.500,0.000,0.000,0.000,-4.186
2023-09-20 11:00:00,63.000,1020.100,0.000,0.000,0.000,-5.919
2023-09-20 12:00:00,64.900,1020.300,0.000,0.000,0.000,-6.243
2023-09-20 13:00:00,74.500,1020.500,0.000,0.000,0.000,-3.658
2023-09-20 14:00:00,79.500,1020.600,0.000,0.000,0.000,0.443
2023-09-20 15:00:00,81.000,1020.700,0.000,0.000,0.000,3.907
2023-09-20 16:00:00,82.900,1020.800,0.000,0.000,0.000,6.263
2023-09-20 17:00:00,82.200,1020.700,0.000,0.000,0.000,7.707
2023-09-20 18:00:00,82.200,1019.800,0.000,0.000,0.000,8.481
2023-09-20 19:00:00,83.100,1019.400,0.000,0.000,0.000,7.536
2023-09-20 20:00:00,80.400,1018.900,0.000,0.000,0.000,4.941
2023-09-20 21:00:00,81.100,1018.700,0.000,0.000,0.000,1.755
2023-09-20 22:00:00,79.900,1019.000,0.000,0.000,0.000,-1.086
2023-09-20 23:00:00,78.400,1019.200,0.000,0.000,0.000,-3.445
2023-09-21 00:00:00,76.600,1019.600,0.000,0.000,0.000,-4.833
2023-09-21 01:00:00,75.600,1019.800,0.000,0.000,0.000,-4.058
2023-09-21 02:00:00,74.500,1019.700,0.000,0.000,0.000,-0.840
2023-09-21 03:00:00,74.300,1020.100,0.000,0.000,0.000,2.303
2023-09-21 04:00:00,73.600,1019.900,0.000,0.000,0.000,4.587
2023-09-21 05:00:00,73.200,1019.500,0.000,0.000,0.000,5.781
2023-09-21 06:00:00,72.100,1019.600,0.000,0.000,0.000,6.168
2023-09-21 07:00:00,72.000,1019.200,0.000,0.000,0.000,5.715
2023-09-21 08:00:00,72.500,1019.100,0.000,0.000,0.000,3.648
2023-09-21 09:00:00,71.200,1018.900,0.000,0.000,0.000,0.699
2023-09-21 10:00:00,72.100,1019.100,0.000,0.000,0.000,-2.014
2023-09-21 11:00:00,72.300,1019.800,0.000,0.000,0.000,-4.544
2023-09-21 12:00:00,73.200,1020.000,0.000,0.000,0.000,-5.771
2023-09-21 13:00:00,74.300,1020.400,0.000,0.000,0.000,-5.285
2023-09-21 14:00:00,75.700,1020.800,0.000,0.000,0.000,-2.001
2023-09-21 15:00:00,78.400,1020.900,0.000,0.000,0.000,1.893
2023-09-21 16:00:00,79.200,1021.100,0.000,0.000,0.000,4.918
2023-09-21 17:00:00,79.700,1021.100,0.000,0.000,0.000,6.824
2023-09-21 18:00:00,80.100,1020.400,0.000,0.000,0.000,8.150
2023-09-21 19:00:00,79.200,1020.000,0.000,0.000,0.000,8.524
2023-09-21 20:00:00,80.600,1019.500,0.000,0.000,0.000,7.490
2023-09-21 21:00:00,79.700,1019.000,0.000,0.000,0.000,4.898
2023-09-21 22:00:00,78.600,1018.900,0.000,0.000,0.000,1.873
2023-09-21 23:00:00,77.000,1019.100,0.000,0.000,0.000,-0.873
2023-09-22 00:00:00,75.000,1019.000,0.000,0.000,0.000,-3.110
2023-09-22 01:00:00,74.100,1018.900,0.000,0.000,0.000,-4.318
2023-09-22 02:00:00,73.200,1018.900,0.000,0.000,0.000,-3.629
2023-09-22 03:00:00,71.800,1018.600,0.000,0.000,0.000,-1.066
2023-09-22 04:00:00,70.700,1018.100,0.000,0.000,0.000,1.594
2023-09-22 05:00:00,70.500,1017.700,0.000,0.000,0.000,3.950
2023-09-22 06:00:00,70.500,1016.900,0.000,0.000,0.000,5.351
2023-09-22 07:00:00,70.700,1016.000,0.000,0.000,0.000,5.919
2023-09-22 08:00:00,69.600,1015.500,0.000,0.000,0.000,5.361
2023-09-22 09:00:00,68.700,1014.700,0.000,0.000,0.000,3.196
2023-09-22 10:00:00,69.100,1014.800,0.000,0.000,0.000,0.420
2023-09-22 11:00:00,69.400,1014.900,0.000,0.000,0.000,-2.001
2023-09-22 12:00:00,69.400,1014.500,0.000,0.000,0.000,-4.058
2023-09-22 13:00:00,70.500,1014.200,0.000,0.000,0.000,-5.620
2023-09-22 14:00:00,70.700,1013.500,0.000,0.000,0.000,-5.427
2023-09-22 15:00:00,70.500,1012.900,0.000,0.000,0.000,-3.186
2023-09-22 16:00:00,67.800,1012.800,0.000,0.000,0.000,-0.108
2023-09-22 17:00:00,66.700,1012.100,0.000,0.000,0.000,2.841
2023-09-22 18:00:00,66.900,1011.100,0.000,0.000,0.000,5.157
2023-09-22 19:00:00,66.400,1009.600,0.000,0.000,0.000,6.371
2023-09-22 20:00:00,66.200,1008.700,0.000,0.000,0.000,6.749
2023-09-22 21:00:00,65.800,1007.500,0.000,0.000,0.000,6.050
2023-09-22 22:00:00,66.000,1005.500,0.000,0.000,0.000,3.855
2023-09-22 23:00:00,66.700,1004.500,0.000,0.000,0.000,0.561
2023-09-23 00:00:00,66.700,1003.500,0.000,0.000,0.000,-2.152
2023-09-23 01:00:00,66.600,1003.100,0.000,0.000,0.000,-4.544
2023-09-23 02:00:00,66.400,1002.000,0.000,0.000,0.000,-6.319
2023-09-23 03:00:00,66.600,1001.000,0.000,0.000,0.000,-7.159
2023-09-23 04:00:00,66.600,1000.100,0.000,0.000,0.000,-6.683
2023-09-23 05:00:00,66.000,998.900,0.000,0.000,0.000,-4.423
2023-09-23 06:00:00,65.500,998.200,0.000,0.000,0.000,-0.623
2023-09-23 07:00:00,65.300,997.400,0.000,0.000,0.000,2.100
2023-09-23 08:00:00,64.400,997.100,0.000,0.000,0.000,3.832
2023-09-23 09:00:00,64.200,997.200,0.000,0.000,0.000,4.823
2023-09-23 10:00:00,63.700,998.300,0.000,0.000,0.000,4.068
2023-09-23 11:00:00,62.800,999.700,0.000,0.000,0.000,1.670
2023-09-23 12:00:00,62.600,1000.900,0.000,0.000,0.000,-0.883
2023-09-23 13:00:00,63.100,1002.600,0.000,0.000,0.000,-3.035
2023-09-23 14:00:00,63.300,1003.900,0.000,0.000,0.000,-4.016
2023-09-23 15:00:00,63.500,1005.000,0.000,0.000,0.000,-3.196
2023-09-23 16:00:00,63.900,1005.400,0.000,0.000,0.000,-0.636
2023-09-23 17:00:00,64.900,1005.500,0.000,0.000,0.000,2.851
2023-09-23 18:00:00,66.600,1006.200,0.000,0.000,0.000,5.771
2023-09-23 19:00:00,66.000,1006.500,0.000,0.000,0.000,7.480
2023-09-23 20:00:00,66.900,1006.400,0.000,0.000,0.000,8.665
2023-09-23 21:00:00,66.900,1007.400,0.000,0.000,0.000,9.406
2023-09-23 22:00:00,65.700,1008.100,0.000,0.000,0.000,8.556
2023-09-23 23:00:00,64.900,1008.600,0.000,0.000,0.000,6.027
2023-09-24 00:00:00,64.800,1009.000,0.000,0.000,0.000,2.949
2023-09-24 01:00:00,64.600,1009.600,0.000,0.000,0.000,0.098
2023-09-24 02:00:00,64.400,1010.200,0.000,0.000,0.000,-2.208
2023-09-24 03:00:00,64.600,1010.300,0.000,0.000,0.000,-4.154
2023-09-24 04:00:00,64.900,1010.700,0.000,0.000,0.000,-4.767
2023-09-24 05:00:00,65.300,1010.700,0.000,0.000,0.000,-1.969
2023-09-24 06:00:00,65.500,1010.800,0.000,0.000,0.000,2.087
2023-09-24 07:00:00,65.500,1010.800,0.000,0.000,0.000,5.125
2023-09-24 08:00:00,65.500,1010.800,0.000,0.000,0.000,6.329
2023-09-24 09:00:00,63.900,1011.200,0.000,0.000,0.000,6.804
2023-09-24 10:00:00,64.800,1011.900,0.000,0.000,0.000,5.833
2023-09-24 11:00:00,63.700,1012.500,0.000,0.000,0.000,3.379
2023-09-24 12:00:00,65.100,1013.200,0.000,0.000,0.000,0.689
2023-09-24 13:00:00,73.200,1013.400,0.000,0.000,0.000,-1.808
2023-09-24 14:00:00,77.400,1013.700,0.000,0.000,0.000,-3.875
2023-09-24 15:00:00,77.200,1013.600,0.000,0.000,0.000,-5.007
2023-09-24 16:00:00,79.700,1013.400,0.000,0.000,0.000,-4.606
2023-09-24 17:00:00,80.100,1013.200,0.000,0.000,0.000,-1.293
2023-09-24 18:00:00,80.400,1012.800,0.000,0.000,0.000,2.746
2023-09-24 19:00:00,83.100,1012.300,0.000,0.000,0.000,5.932
2023-09-24 20:00:00,81.700,1011.900,0.000,0.000,0.000,8.018
2023-09-24 21:00:00,82.000,1011.900,0.000,0.000,0.000,9.528
2023-09-24 22:00:00,80.200,1012.500,0.000,0.000,0.000,10.246
2023-09-24 23:00:00,78.100,1013.200,0.000,0.000,0.000,9.429
2024-01-08 00:00:00,50.000,1017.200,0.000,0.000,0.000,4.672
2024-01-08 01:00:00,48.600,1018.400,0.000,0.000,0.000,2.346
2024-01-08 02:00:00,45.700,1019.500,0.000,0.000,0.000,-0.797
2024-01-08 03:00:00,44.600,1020.400,0.000,0.000,0.000,-3.724
2024-01-08 04:00:00,43.300,1021.200,0.000,0.000,0.000,-6.404
2024-01-08 05:00:00,41.000,1022.000,0.000,0.000,0.000,-8.579
2024-01-08 06:00:00,40.300,1022.600,0.000,0.000,0.000,-9.052
2024-01-08 07:00:00,39.700,1023.600,0.000,0.000,0.000,-5.663
2024-01-08 08:00:00,39.400,1023.600,0.000,0.000,0.000,-0.344
2024-01-08 09:00:00,39.900,1024.100,0.000,0.000,0.000,3.510
2024-01-08 10:00:00,38.500,1025.100,0.000,0.000,0.000,5.801
2024-01-08 11:00:00,38.300,1026.000,0.000,0.000,0.000,6.923
2024-01-08 12:00:00,36.900,1027.000,0.000,0.000,0.000,7.385
2024-01-08 13:00:00,41.000,1027.500,0.000,0.000,0.000,6.457
2024-01-08 14:00:00,42.600,1028.400,0.000,0.000,0.000,4.177
2024-01-08 15:00:00,45.100,1029.300,0.000,0.000,0.000,1.001
2024-01-08 16:00:00,46.900,1029.600,0.000,0.000,0.000,-2.293
2024-01-08 17:00:00,48.700,1029.500,0.000,0.000,0.000,-4.564
2024-01-08 18:00:00,49.300,1029.100,0.000,0.000,0.000,-6.145
2024-01-08 19:00:00,49.300,1028.400,0.000,0.000,0.000,-6.286
2024-01-08 20:00:00,48.600,1028.600,0.000,0.000,0.000,-3.379
2024-01-08 21:00:00,48.400,1028.900,0.000,0.000,0.000,0.807
2024-01-08 22:00:00,47.800,1028.800,0.000,0.000,0.000,4.078
2024-01-08 23:00:00,45.500,1028.800,0.000,0.000,0.000,5.951
2024-01-09 00:00:00,44.200,1027.900,0.000,0.000,0.000,6.654
2024-01-09 01:00:00,43.500,1026.900,0.000,0.000,0.000,5.919
2024-01-09 02:00:00,43.000,1026.700,0.000,0.000,0.000,3.422
2024-01-09 03:00:00,43.200,1025.900,0.000,0.000,0.000,0.023
2024-01-09 04:00:00,43.900,1024.600,0.000,0.000,0.000,-2.949
2024-01-09 05:00:00,46.200,1023.200,0.000,0.000,0.000,-5.305
2024-01-09 06:00:00,43.000,1022.500,0.000,0.000,0.000,-6.588
2024-01-09 07:00:00,43.700,1022.200,0.000,0.000,0.000,-5.285
2024-01-09 08:00:00,45.000,1021.200,0.000,0.000,0.000,-0.430
2024-01-09 09:00:00,45.700,1020.400,0.000,0.000,0.000,4.498
2024-01-09 10:00:00,59.900,1017.700,0.000,0.000,0.000,7.589
2024-01-09 11:00:00,60.800,1015.700,0.000,0.000,0.000,9.675
2024-01-09 12:00:00,62.600,1014.500,0.000,0.000,0.000,11.237
2024-01-09 13:00:00,63.000,1014.100,0.000,0.000,0.000,12.044
2024-01-09 14:00:00,63.900,1012.800,0.000,0.000,0.000,11.798
2024-01-09 15:00:00,64.000,1012.100,0.000,0.000,0.000,9.967
2024-01-09 16:00:00,66.400,1009.700,0.000,0.000,0.000,7.221
2024-01-09 17:00:00,65.800,1007.200,0.000,0.000,0.000,4.616
2024-01-09 18:00:00,65.700,1005.100,0.000,0.000,0.000,2.464
2024-01-09 19:00:00,66.400,1003.000,0.000,0.000,0.000,1.260
2024-01-09 20:00:00,65.500,1000.900,0.000,0.000,0.000,2.175
2024-01-09 21:00:00,66.900,999.300,0.000,0.000,0.000,4.724
2024-01-09 22:00:00,61.500,998.700,0.000,0.000,0.000,7.267
2024-01-09 23:00:00,65.300,997.000,0.000,0.000,0.000,9.580
2024-01-10 00:00:00,65.800,995.000,0.000,0.000,0.000,11.883
2024-01-10 01:00:00,60.800,996.700,0.000,0.000,0.000,13.369
2024-01-10 02:00:00,59.000,995.200,0.000,0.000,0.000,13.176
2024-01-10 03:00:00,55.800,996.000,0.000,0.000,0.000,11.473
2024-01-10 04:00:00,54.900,996.800,0.000,0.000,0.000,7.621
2024-01-10 05:00:00,55.600,996.900,0.000,0.000,0.000,3.898
2024-01-10 06:00:00,54.900,997.200,0.000,0.000,0.000,0.194
2024-01-10 07:00:00,53.600,997.500,0.000,0.000,0.000,-2.034
2024-01-10 08:00:00,54.000,997.800,0.000,0.000,0.000,-2.851
2024-01-10 09:00:00,55.000,998.300,0.000,0.000,0.000,-1.237
2024-01-10 10:00:00,53.100,999.700,0.000,0.000,0.000,3.573
2024-01-10 11:00:00,50.500,1002.100,0.000,0.000,0.000,7.310
2024-01-10 12:00:00,47.100,1004.100,0.000,0.000,0.000,8.976
2024-01-10 13:00:00,46.200,1005.900,0.000,0.000,0.000,9.600
2024-01-10 14:00:00,46.800,1007.400,0.000,0.000,0.000,8.556
2024-01-10 15:00:00,47.700,1008.100,0.000,0.000,0.000,6.867
2024-01-10 16:00:00,50.000,1008.500,0.000,0.000,0.000,4.715
2024-01-10 17:00:00,50.900,1008.100,0.000,0.000,0.000,2.110
2024-01-10 18:00:00,53.200,1007.600,0.000,0.000,0.000,-0.883
2024-01-10 19:00:00,53.200,1007.600,0.000,0.000,0.000,-3.658
2024-01-10 20:00:00,53.200,1008.100,0.000,0.000,0.000,-6.352
2024-01-10 21:00:00,52.500,1008.800,0.000,0.000,0.000,-7.976
2024-01-10 22:00:00,50.700,1009.900,0.000,0.000,0.000,-5.394
2024-01-10 23:00:00,47.800,1010.500,0.000,0.000,0.000,1.302
2024-01-11 00:00:00,46.000,1010.600,0.000,0.000,0.000,5.512
2024-01-11 01:00:00,44.100,1011.100,0.000,0.000,0.000,7.018
2024-01-11 02:00:00,43.300,1012.000,0.000,0.000,0.000,7.103
2024-01-11 03:00:00,43.000,1012.700,0.000,0.000,0.000,5.554
2024-01-11 04:00:00,41.900,1012.700,0.000,0.000,0.000,2.185
2024-01-11 05:00:00,42.100,1013.100,0.000,0.000,0.000,-1.690
2024-01-11 06:00:00,43.200,1013.400,0.000,0.000,0.000,-4.511
2024-01-11 07:00:00,42.400,1014.000,0.000,0.000,0.000,-6.900
2024-01-11 08:00:00,41.900,1014.100,0.000,0.000,0.000,-8.537
2024-01-11 09:00:00,41.500,1014.800,0.000,0.000,0.000,-7.631
2024-01-11 10:00:00,41.200,1014.900,0.000,0.000,0.000,-1.991
2024-01-11 11:00:00,40.800,1015.200,0.000,0.000,0.000,3.478
2024-01-11 12:00:00,40.300,1015.800,0.000,0.000,0.000,6.932
2024-01-11 13:00:00,40.800,1016.200,0.000,0.000,0.000,8.999
2024-01-11 14:00:00,45.000,1017.000,0.000,0.000,0.000,10.591
2024-01-11 15:00:00,47.500,1017.600,0.000,0.000,0.000,10.873
2024-01-11 16:00:00,53.600,1017.300,0.000,0.000,0.000,8.944
2024-01-11 17:00:00,55.900,1016.400,0.000,0.000,0.000,5.456
2024-01-11 18:00:00,57.600,1015.600,0.000,0.000,0.000,1.808
2024-01-11 19:00:00,57.600,1015.300,0.000,0.000,0.000,-1.699
2024-01-11 20:00:00,58.100,1015.300,0.000,0.000,0.000,-4.705
2024-01-11 21:00:00,54.700,1015.700,0.000,0.000,0.000,-6.942
2024-01-11 22:00:00,52.300,1016.300,0.000,0.000,0.000,-6.339
2024-01-11 23:00:00,49.300,1017.000,0.000,0.000,0.000,-0.689
2024-01-12 00:00:00,47.300,1017.700,0.000,0.000,0.000,4.843
2024-01-12 01:00:00,46.000,1018.100,0.000,0.000,0.000,7.287
2024-01-12 02:00:00,44.100,1018.300,0.000,0.000,0.000,8.202
2024-01-12 03:00:00,44.200,1018.700,0.000,0.000,0.000,7.858
2024-01-12 04:00:00,41.900,1018.900,0.000,0.000,0.000,5.574
2024-01-12 05:00:00,40.500,1018.900,0.000,0.000,0.000,1.926
2024-01-12 06:00:00,39.600,1018.700,0.000,0.000,0.000,-1.637
2024-01-12 07:00:00,38.500,1018.800,0.000,0.000,0.000,-4.587
2024-01-12 08:00:00,38.300,1018.300,0.000,0.000,0.000,-7.041
2024-01-12 09:00:00,36.300,1018.000,0.000,0.000,0.000,-8.698
2024-01-12 10:00:00,35.200,1017.600,0.000,0.000,0.000,-7.310
2024-01-12 11:00:00,35.800,1017.700,0.000,0.000,0.000,-1.142
2024-01-12 12:00:00,36.700,1018.200,0.000,0.000,0.000,4.649
2024-01-12 13:00:00,42.800,1018.400,0.000,0.000,0.000,7.858
2024-01-12 14:00:00,46.600,1018.500,0.000,0.000,0.000,10.095
2024-01-12 15:00:00,50.500,1018.000,0.000,0.000,0.000,11.453
2024-01-12 16:00:00,54.100,1017.200,0.000,0.000,0.000,11.076
2024-01-12 17:00:00,57.400,1015.300,0.000,0.000,0.000,8.363
2024-01-12 18:00:00,58.300,1013.900,0.000,0.000,0.000,4.888
2024-01-12 19:00:00,59.700,1012.200,0.000,0.000,0.000,1.280
2024-01-12 20:00:00,62.200,1010.000,0.000,0.000,0.000,-1.939
2024-01-12 21:00:00,62.400,1008.400,0.000,0.000,0.000,-4.757
2024-01-12 22:00:00,62.600,1007.100,0.000,0.000,0.000,-6.460
2024-01-12 23:00:00,63.100,1004.500,0.000,0.000,0.000,-4.511
2024-01-13 00:00:00,63.900,1003.200,0.000,0.000,0.000,2.454
2024-01-13 01:00:00,64.800,1002.800,0.000,0.000,0.000,7.523
2024-01-13 02:00:00,65.500,1001.200,0.000,0.000,0.000,9.872
2024-01-13 03:00:00,65.800,1000.700,0.000,0.000,0.000,11.647
2024-01-13 04:00:00,68.500,1000.600,0.000,0.000,0.000,11.742
2024-01-13 05:00:00,69.100,999.800,0.000,0.000,0.000,9.311
2024-01-13 06:00:00,68.400,998.800,0.000,0.000,0.000,5.876
2024-01-13 07:00:00,67.800,998.500,0.000,0.000,0.000,2.507
2024-01-13 08:00:00,66.400,998.700,0.000,0.000,0.000,-0.453
2024-01-13 09:00:00,66.200,998.700,0.000,0.000,0.000,-2.959
2024-01-13 10:00:00,65.300,999.700,0.000,0.000,0.000,-4.813
2024-01-13 11:00:00,61.700,1000.900,0.000,0.000,0.000,-3.757
2024-01-13 12:00:00,59.500,1001.300,0.000,0.000,0.000,1.270
2024-01-13 13:00:00,58.800,1002.200,0.000,0.000,0.000,6.017
2024-01-13 14:00:00,60.300,1003.400,0.000,0.000,0.000,8.225
2024-01-13 15:00:00,58.300,1004.900,0.000,0.000,0.000,10.387
2024-01-13 16:00:00,57.000,1005.500,0.000,0.000,0.000,12.001
2024-01-13 17:00:00,56.500,1005.500,0.000,0.000,0.000,12.034
2024-01-13 18:00:00,57.000,1005.500,0.000,0.000,0.000,9.344
2024-01-13 19:00:00,57.400,1006.000,0.000,0.000,0.000,5.607
2024-01-13 20:00:00,57.700,1007.200,0.000,0.000,0.000,1.765
2024-01-13 21:00:00,55.200,1008.800,0.000,0.000,0.000,-1.788
2024-01-13 22:00:00,53.200,1010.300,0.000,0.000,0.000,-4.856
2024-01-13 23:00:00,50.500,1012.000,0.000,0.000,0.000,-6.952
2024-01-14 00:00:00,48.200,1013.400,0.000,0.000,0.000,-6.178
2024-01-14 01:00:00,47.100,1014.400,0.000,0.000,0.000,0.656
2024-01-14 02:00:00,46.200,1015.000,0.000,0.000,0.000,5.167
2024-01-14 03:00:00,45.000,1016.000,0.000,0.000,0.000,7.083
2024-01-14 04:00:00,44.100,1016.400,0.000,0.000,0.000,7.867
2024-01-14 05:00:00,43.000,1016.900,0.000,0.000,0.000,7.654
2024-01-14 06:00:00,42.600,1017.200,0.000,0.000,0.000,5.823
2024-01-14 07:00:00,42.300,1017.600,0.000,0.000,0.000,2.411
2024-01-14 08:00:00,40.500,1018.300,0.000,0.000,0.000,-1.109
2024-01-14 09:00:00,40.300,1018.700,0.000,0.000,0.000,-4.177
2024-01-14 10:00:00,39.400,1019.200,0.000,0.000,0.000,-6.900
2024-01-14 11:00:00,39.700,1019.800,0.000,0.000,0.000,-8.750
2024-01-14 12:00:00,39.600,1020.100,0.000,0.000,0.000,-7.448
2024-01-14 13:00:00,39.200,1020.600,0.000,0.000,0.000,-0.528
2024-01-14 14:00:00,41.200,1021.100,0.000,0.000,0.000,5.318
2024-01-14 15:00:00,47.100,1021.400,0.000,0.000,0.000,8.150
2024-01-14 16:00:00,48.400,1021.100,0.000,0.000,0.000,10.010
2024-01-14 17:00:00,52.500,1019.700,0.000,0.000,0.000,10.840
2024-01-14 18:00:00,59.400,1018.700,0.000,0.000,0.000,9.656
2024-01-14 19:00:00,60.800,1018.000,0.000,0.000,0.000,6.631
2024-01-14 20:00:00,61.000,1017.700,0.000,0.000,0.000,3.091
2024-01-14 21:00:00,58.300,1018.200,0.000,0.000,0.000,-0.505
2024-01-14 22:00:00,54.100,1018.600,0.000,0.000,0.000,-3.540
2024-01-14 23:00:00,50.000,1019.800,0.000,0.000,0.000,-6.115
2024-08-02 00:00:00,85.300,1015.700,0.000,0.000,0.000,10.646
2024-08-02 01:00:00,83.100,1015.900,0.000,0.000,0.000,10.689
2024-08-02 02:00:00,82.000,1016.500,0.000,0.000,0.000,8.891
2024-08-02 03:00:00,81.900,1016.200,0.000,0.000,0.000,6.040
2024-08-02 04:00:00,81.100,1016.300,0.000,0.000,0.000,2.690
2024-08-02 05:00:00,80.800,1016.300,0.000,0.000,0.000,-0.463
2024-08-02 06:00:00,80.600,1016.300,0.000,0.000,0.000,-3.143
2024-08-02 07:00:00,81.000,1015.600,0.000,0.000,0.000,-4.974
2024-08-02 08:00:00,80.800,1015.000,0.000,0.000,0.000,-4.813
2024-08-02 09:00:00,81.100,1015.000,0.000,0.000,0.000,-1.335
2024-08-02 10:00:00,80.600,1015.300,0.000,0.000,0.000,3.120
2024-08-02 11:00:00,81.100,1015.800,0.000,0.000,0.000,6.243
2024-08-02 12:00:00,83.100,1015.900,0.000,0.000,0.000,7.556
2024-08-02 13:00:00,86.400,1015.900,0.000,0.000,0.000,7.881
2024-08-02 14:00:00,86.700,1016.200,0.000,0.000,0.000,6.696
2024-08-02 15:00:00,91.400,1016.100,0.000,0.000,0.000,4.078
2024-08-02 16:00:00,91.000,1015.700,0.000,0.000,0.000,0.259
2024-08-02 17:00:00,76.500,1016.100,0.000,0.000,0.000,-2.421
2024-08-02 18:00:00,77.200,1016.400,0.000,0.000,0.000,-4.833
2024-08-02 19:00:00,79.000,1015.100,0.000,0.000,0.000,-6.309
2024-08-02 20:00:00,88.300,1013.900,0.000,0.000,0.000,-4.757
2024-08-02 21:00:00,86.200,1014.800,0.000,0.000,0.000,-0.194
2024-08-02 22:00:00,86.200,1014.100,0.000,0.000,0.000,4.629
2024-08-02 23:00:00,84.600,1012.900,0.000,0.000,0.000,7.598
2024-08-03 00:00:00,83.500,1013.800,0.000,0.000,0.000,9.288
2024-08-03 01:00:00,83.100,1014.500,0.000,0.000,0.000,10.259
2024-08-03 02:00:00,82.800,1014.500,0.000,0.000,0.000,10.171
2024-08-03 03:00:00,82.800,1014.800,0.000,0.000,0.000,8.301
2024-08-03 04:00:00,82.400,1014.900,0.000,0.000,0.000,5.305
2024-08-03 05:00:00,82.400,1014.900,0.000,0.000,0.000,1.969
2024-08-03 06:00:00,82.400,1014.700,0.000,0.000,0.000,-0.968
2024-08-03 07:00:00,82.200,1014.300,0.000,0.000,0.000,-3.465
2024-08-03 08:00:00,81.900,1013.900,0.000,0.000,0.000,-5.469
2024-08-03 09:00:00,81.700,1013.800,0.000,0.000,0.000,-5.446
2024-08-03 10:00:00,81.500,1014.200,0.000,0.000,0.000,-1.713
2024-08-03 11:00:00,81.300,1014.500,0.000,0.000,0.000,3.077
2024-08-03 12:00:00,83.300,1014.900,0.000,0.000,0.000,6.083
2024-08-03 13:00:00,85.500,1015.100,0.000,0.000,0.000,7.343
2024-08-03 14:00:00,88.000,1015.600,0.000,0.000,0.000,7.448
2024-08-03 15:00:00,88.200,1015.400,0.000,0.000,0.000,5.846
2024-08-03 16:00:00,87.800,1015.200,0.000,0.000,0.000,2.648
2024-08-03 17:00:00,90.500,1015.500,0.000,0.000,0.000,-0.699
2024-08-03 18:00:00,90.000,1014.700,0.000,0.000,0.000,-3.241
2024-08-03 19:00:00,89.100,1014.300,0.000,0.000,0.000,-5.531
2024-08-03 20:00:00,88.000,1013.600,0.000,0.000,0.000,-6.739
2024-08-03 21:00:00,86.900,1012.900,0.000,0.000,0.000,-5.522
2024-08-03 22:00:00,86.000,1013.200,0.000,0.000,0.000,-0.302
2024-08-03 23:00:00,86.500,1013.900,0.000,0.000,0.000,4.616
2024-08-04 00:00:00,84.700,1014.400,0.000,0.000,0.000,7.395
2024-08-04 01:00:00,83.700,1014.900,0.000,0.000,0.000,9.019
2024-08-04 02:00:00,83.100,1015.500,0.000,0.000,0.000,9.882
2024-08-04 03:00:00,75.900,1016.600,0.000,0.000,0.000,9.203
2024-08-04 04:00:00,74.700,1015.300,0.000,0.000,0.000,6.404
2024-08-04 05:00:00,77.400,1015.300,0.000,0.000,0.000,3.035
2024-08-04 06:00:00,77.000,1015.200,0.000,0.000,0.000,-0.259
2024-08-04 07:00:00,77.700,1014.200,0.000,0.000,0.000,-2.874
2024-08-04 08:00:00,76.100,1014.700,0.000,0.000,0.000,-5.220
2024-08-04 09:00:00,76.100,1015.000,0.000,0.000,0.000,-6.621
2024-08-04 10:00:00,76.100,1015.400,0.000,0.000,0.000,-4.951
2024-08-04 11:00:00,76.600,1016.200,0.000,0.000,0.000,-0.410
2024-08-04 12:00:00,78.400,1016.600,0.000,0.000,0.000,3.724
2024-08-04 13:00:00,79.300,1017.200,0.000,0.000,0.000,6.286
2024-08-04 14:00:00,80.600,1017.100,0.000,0.000,0.000,7.297
2024-08-04 15:00:00,82.400,1017.100,0.000,0.000,0.000,7.234
2024-08-04 16:00:00,82.400,1017.600,0.000,0.000,0.000,4.738
2024-08-04 17:00:00,82.200,1017.600,0.000,0.000,0.000,1.066
2024-08-04 18:00:00,82.000,1017.400,0.000,0.000,0.000,-2.067
2024-08-04 19:00:00,83.300,1016.400,0.000,0.000,0.000,-4.649
2024-08-04 20:00:00,81.900,1016.900,0.000,0.000,0.000,-6.588
2024-08-04 21:00:00,81.700,1017.200,0.000,0.000,0.000,-7.343
2024-08-04 22:00:00,80.800,1017.200,0.000,0.000,0.000,-4.393
2024-08-04 23:00:00,80.800,1016.900,0.000,0.000,0.000,0.892
2024-08-05 00:00:00,81.000,1016.400,0.000,0.000,0.000,5.351
2024-08-05 01:00:00,79.900,1017.800,0.000,0.000,0.000,7.687
2024-08-05 02:00:00,79.900,1018.000,0.000,0.000,0.000,9.032
2024-08-05 03:00:00,80.600,1018.900,0.000,0.000,0.000,9.505
2024-08-05 04:00:00,79.900,1019.200,0.000,0.000,0.000,8.406
2024-08-05 05:00:00,78.400,1018.700,0.000,0.000,0.000,5.758
2024-08-05 06:00:00,75.600,1018.400,0.000,0.000,0.000,2.562
2024-08-05 07:00:00,74.700,1017.700,0.000,0.000,0.000,-0.850
2024-08-05 08:00:00,76.600,1017.400,0.000,0.000,0.000,-3.865
2024-08-05 09:00:00,76.800,1017.200,0.000,0.000,0.000,-6.339
2024-08-05 10:00:00,77.200,1017.700,0.000,0.000,0.000,-7.385
2024-08-05 11:00:00,77.500,1018.200,0.000,0.000,0.000,-4.111
2024-08-05 12:00:00,79.200,1018.200,0.000,0.000,0.000,1.637
2024-08-05 13:00:00,80.600,1017.700,0.000,0.000,0.000,5.112
2024-08-05 14:00:00,81.700,1018.200,0.000,0.000,0.000,6.414
2024-08-05 15:00:00,81.900,1018.700,0.000,0.000,0.000,7.008
2024-08-05 16:00:00,83.500,1019.300,0.000,0.000,0.000,5.814
2024-08-05 17:00:00,83.100,1018.800,0.000,0.000,0.000,3.091
2024-08-05 18:00:00,82.600,1018.400,0.000,0.000,0.000,-0.377
2024-08-05 19:00:00,82.000,1018.100,0.000,0.000,0.000,-3.360
2024-08-05 20:00:00,78.400,1018.300,0.000,0.000,0.000,-5.436
2024-08-05 21:00:00,77.500,1018.000,0.000,0.000,0.000,-6.942
2024-08-05 22:00:00,78.300,1017.900,0.000,0.000,0.000,-6.696
2024-08-05 23:00:00,78.600,1017.300,0.000,0.000,0.000,-3.120
2024-08-06 00:00:00,76.500,1017.200,0.000,0.000,0.000,2.346
2024-08-06 01:00:00,76.600,1017.200,0.000,0.000,0.000,6.125
2024-08-06 02:00:00,76.800,1017.100,0.000,0.000,0.000,7.867
2024-08-06 03:00:00,77.200,1016.600,0.000,0.000,0.000,9.170
2024-08-06 04:00:00,77.700,1016.400,0.000,0.000,0.000,9.377
2024-08-06 05:00:00,78.100,1016.200,0.000,0.000,0.000,7.523
2024-08-06 06:00:00,79.000,1015.400,0.000,0.000,0.000,4.370
2024-08-06 07:00:00,78.800,1015.000,0.000,0.000,0.000,0.860
2024-08-06 08:00:00,79.000,1013.800,0.000,0.000,0.000,-2.142
2024-08-06 09:00:00,79.300,1014.200,0.000,0.000,0.000,-4.856
2024-08-06 10:00:00,80.100,1014.100,0.000,0.000,0.000,-6.522
2024-08-06 11:00:00,80.200,1013.500,0.000,0.000,0.000,-4.865
2024-08-06 12:00:00,80.100,1013.800,0.000,0.000,0.000,0.443
2024-08-06 13:00:00,79.300,1013.700,0.000,0.000,0.000,4.692
2024-08-06 14:00:00,73.800,1013.500,0.000,0.000,0.000,7.060
2024-08-06 15:00:00,75.600,1013.400,0.000,0.000,0.000,8.094
2024-08-06 16:00:00,76.100,1013.100,0.000,0.000,0.000,8.268
2024-08-06 17:00:00,77.400,1011.900,0.000,0.000,0.000,7.503
2024-08-06 18:00:00,77.900,1011.200,0.000,0.000,0.000,4.738
2024-08-06 19:00:00,75.900,1010.800,0.000,0.000,0.000,2.057
2024-08-06 20:00:00,77.500,1009.700,0.000,0.000,0.000,-0.860
2024-08-06 21:00:00,79.200,1009.300,0.000,0.000,0.000,-3.606
2024-08-06 22:00:00,80.200,1008.700,0.000,0.000,0.000,-5.144
2024-08-06 23:00:00,81.100,1008.800,0.000,0.000,0.000,-5.026
2024-08-07 00:00:00,80.600,1008.500,0.000,0.000,0.000,-1.086
2024-08-07 01:00:00,79.000,1008.200,0.000,0.000,0.000,4.639
2024-08-07 02:00:00,80.100,1008.500,0.000,0.000,0.000,7.740
2024-08-07 03:00:00,80.200,1008.200,0.000,0.000,0.000,9.108
2024-08-07 04:00:00,80.600,1007.600,0.000,0.000,0.000,9.892
2024-08-07 05:00:00,79.200,1007.000,0.000,0.000,0.000,9.377
2024-08-07 06:00:00,78.800,1006.300,0.000,0.000,0.000,6.631
2024-08-07 07:00:00,78.600,1006.100,0.000,0.000,0.000,3.530
2024-08-07 08:00:00,75.900,1005.100,0.000,0.000,0.000,0.646
2024-08-07 09:00:00,77.200,1004.600,0.000,0.000,0.000,-2.133
2024-08-07 10:00:00,78.600,1004.600,0.000,0.000,0.000,-3.885
2024-08-07 11:00:00,79.500,1004.800,0.000,0.000,0.000,-4.186
2024-08-07 12:00:00,78.100,1004.700,0.000,0.000,0.000,-1.624
2024-08-07 13:00:00,79.300,1004.600,0.000,0.000,0.000,2.703
2024-08-07 14:00:00,80.200,1004.900,0.000,0.000,0.000,5.942
2024-08-07 15:00:00,82.200,1004.800,0.000,0.000,0.000,7.933
2024-08-07 16:00:00,78.400,1004.800,0.000,0.000,0.000,9.085
2024-08-07 17:00:00,80.200,1004.400,0.000,0.000,0.000,8.848
2024-08-07 18:00:00,83.700,1003.700,0.000,0.000,0.000,7.146
2024-08-07 19:00:00,85.500,1002.700,0.000,0.000,0.000,4.573
2024-08-07 20:00:00,82.400,1002.300,0.000,0.000,0.000,1.798
2024-08-07 21:00:00,79.300,1001.900,0.000,0.000,0.000,-0.515
2024-08-07 22:00:00,78.300,1001.400,0.000,0.000,0.000,-1.473
2024-08-07 23:00:00,77.900,1001.700,0.000,0.000,0.000,-1.680
2024-08-08 00:00:00,77.500,1000.400,0.000,0.000,0.000,0.515
2024-08-08 01:00:00,76.800,1001.100,0.000,0.000,0.000,4.573
2024-08-08 02:00:00,76.800,1001.200,0.000,0.000,0.000,7.759
2024-08-08 03:00:00,78.100,1000.700,0.000,0.000,0.000,9.967
2024-08-08 04:00:00,78.800,1000.700,0.000,0.000,0.000,11.581
2024-08-08 05:00:00,78.800,1000.900,0.000,0.000,0.000,12.464
2024-08-08 06:00:00,78.100,1000.400,0.000,0.000,0.000,10.925
2024-08-08 07:00:00,78.300,1000.000,0.000,0.000,0.000,8.675
2024-08-08 08:00:00,77.400,999.700,0.000,0.000,0.000,6.555
2024-08-08 09:00:00,78.100,999.700,0.000,0.000,0.000,4.423
2024-08-08 10:00:00,79.000,999.900,0.000,0.000,0.000,2.238
2024-08-08 11:00:00,77.700,1000.100,0.000,0.000,0.000,0.958
2024-08-08 12:00:00,78.400,1000.500,0.000,0.000,0.000,0.807
2024-08-08 13:00:00,80.100,1000.600,0.000,0.000,0.000,3.488
2024-08-08 14:00:00,77.400,1001.500,0.000,0.000,0.000,7.244
2024-08-08 15:00:00,80.400,1001.700,0.000,0.000,0.000,8.773
2024-08-08 16:00:00,77.500,1002.400,0.000,0.000,0.000,9.957
2024-08-08 17:00:00,82.400,1002.500,0.000,0.000,0.000,11.217
2024-08-08 18:00:00,82.400,1002.500,0.000,0.000,0.000,11.581
2024-08-08 19:00:00,83.300,1002.600,0.000,0.000,0.000,10.085
2024-08-08 20:00:00,83.800,1002.800,0.000,0.000,0.000,7.687
2024-08-08 21:00:00,84.700,1003.100,0.000,0.000,0.000,5.305
2024-08-08 22:00:00,84.200,1003.400,0.000,0.000,0.000,3.100
2024-08-08 23:00:00,83.500,1004.300,0.000,0.000,0.000,1.076
2024-08-09 00:00:00,82.800,1005.000,0.000,0.000,0.000,0.472
2024-08-09 01:00:00,82.200,1005.800,0.000,0.000,0.000,2.615
2024-08-09 02:00:00,82.400,1006.700,0.000,0.000,0.000,6.640
2024-08-09 03:00:00,75.900,1008.000,0.000,0.000,0.000,9.226
2024-08-09 04:00:00,77.700,1008.300,0.000,0.000,0.000,10.558
2024-08-09 05:00:00,77.700,1008.600,0.000,0.000,0.000,11.024
2024-08-09 06:00:00,76.300,1009.000,0.000,0.000,0.000,9.806
2024-08-09 07:00:00,75.400,1009.100,0.000,0.000,0.000,7.136
2024-08-09 08:00:00,75.700,1009.500,0.000,0.000,0.000,4.993
2024-08-09 09:00:00,76.300,1009.400,0.000,0.000,0.000,2.703
2024-08-09 10:00:00,76.600,1009.800,0.000,0.000,0.000,0.387
2024-08-09 11:00:00,77.000,1010.200,0.000,0.000,0.000,-1.722
2024-08-09 12:00:00,77.400,1010.800,0.000,0.000,0.000,-2.671
2024-08-09 13:00:00,78.600,1011.300,0.000,0.000,0.000,-2.595
2024-08-09 14:00:00,79.300,1011.500,0.000,0.000,0.000,1.755
2024-08-09 15:00:00,82.000,1012.000,0.000,0.000,0.000,5.630
2024-08-09 16:00:00,82.600,1011.900,0.000,0.000,0.000,7.858
2024-08-09 17:00:00,82.000,1011.800,0.000,0.000,0.000,9.505
2024-08-09 18:00:00,79.500,1011.900,0.000,0.000,0.000,10.000
2024-08-09 19:00:00,77.900,1011.700,0.000,0.000,0.000,9.268
2024-08-09 20:00:00,78.300,1011.100,0.000,0.000,0.000,6.263
2024-08-09 21:00:00,77.900,1011.000,0.000,0.000,0.000,3.629
2024-08-09 22:00:00,78.800,1011.300,0.000,0.000,0.000,1.368
2024-08-09 23:00:00,79.200,1012.200,0.000,0.000,0.000,-0.505
2024-09-23 00:00:00,76.500,1012.100,0.000,0.000,0.000,1.194
2024-09-23 01:00:00,75.600,1012.500,0.000,0.000,0.000,0.344
2024-09-23 02:00:00,73.900,1013.000,0.000,0.000,0.000,2.402
2024-09-23 03:00:00,73.800,1013.200,0.000,0.000,0.000,6.050
2024-09-23 04:00:00,73.200,1013.600,0.000,0.000,0.000,8.570
2024-09-23 05:00:00,73.800,1013.500,0.000,0.000,0.000,10.604
2024-09-23 06:00:00,73.600,1013.500,0.000,0.000,0.000,11.680
2024-09-23 07:00:00,73.200,1013.500,0.000,0.000,0.000,11.099
2024-09-23 08:00:00,70.900,1013.500,0.000,0.000,0.000,9.042
2024-09-23 09:00:00,69.600,1013.700,0.000,0.000,0.000,6.437
2024-09-23 10:00:00,68.900,1014.100,0.000,0.000,0.000,3.757
2024-09-23 11:00:00,69.300,1014.700,0.000,0.000,0.000,1.453
2024-09-23 12:00:00,69.300,1015.200,0.000,0.000,0.000,-0.292
2024-09-23 13:00:00,70.900,1015.400,0.000,0.000,0.000,-0.797
2024-09-23 14:00:00,75.700,1015.100,0.000,0.000,0.000,1.745
2024-09-23 15:00:00,79.300,1015.200,0.000,0.000,0.000,6.145
2024-09-23 16:00:00,78.300,1015.200,0.000,0.000,0.000,9.288
2024-09-23 17:00:00,78.800,1014.900,0.000,0.000,0.000,11.906
2024-09-23 18:00:00,79.900,1014.400,0.000,0.000,0.000,13.789
2024-09-23 19:00:00,79.500,1013.900,0.000,0.000,0.000,14.413
2024-09-23 20:00:00,79.900,1013.700,0.000,0.000,0.000,13.058
2024-09-23 21:00:00,79.700,1013.700,0.000,0.000,0.000,10.528
2024-09-23 22:00:00,77.500,1013.800,0.000,0.000,0.000,7.835
2024-09-23 23:00:00,75.700,1013.700,0.000,0.000,0.000,5.381
2024-09-24 00:00:00,74.800,1013.900,0.000,0.000,0.000,3.166
2024-09-24 01:00:00,74.300,1014.200,0.000,0.000,0.000,1.647
2024-09-24 02:00:00,73.900,1014.200,0.000,0.000,0.000,1.335
2024-09-24 03:00:00,73.800,1014.500,0.000,0.000,0.000,3.209
2024-09-24 04:00:00,73.600,1014.200,0.000,0.000,0.000,6.083
2024-09-24 05:00:00,71.200,1014.200,0.000,0.000,0.000,8.406
2024-09-24 06:00:00,70.500,1014.000,0.000,0.000,0.000,10.344
2024-09-24 07:00:00,70.900,1014.200,0.000,0.000,0.000,11.906
2024-09-24 08:00:00,72.300,1014.200,0.000,0.000,0.000,10.892
2024-09-24 09:00:00,73.400,1014.300,0.000,0.000,0.000,8.901
2024-09-24 10:00:00,74.300,1014.400,0.000,0.000,0.000,6.457
2024-09-24 11:00:00,74.300,1014.800,0.000,0.000,0.000,3.950
2024-09-24 12:00:00,75.400,1015.400,0.000,0.000,0.000,1.775
2024-09-24 13:00:00,77.400,1015.700,0.000,0.000,0.000,0.043
2024-09-24 14:00:00,79.700,1015.900,0.000,0.000,0.000,-0.495
2024-09-24 15:00:00,79.900,1016.000,0.000,0.000,0.000,2.110
2024-09-24 16:00:00,81.700,1015.800,0.000,0.000,0.000,6.309
2024-09-24 17:00:00,80.200,1015.700,0.000,0.000,0.000,9.268
2024-09-24 18:00:00,80.800,1015.300,0.000,0.000,0.000,11.860
2024-09-24 19:00:00,79.200,1015.000,0.000,0.000,0.000,13.530
2024-09-24 20:00:00,75.200,1014.700,0.000,0.000,0.000,13.842
2024-09-24 21:00:00,78.600,1014.200,0.000,0.000,0.000,12.336
2024-09-24 22:00:00,79.200,1014.200,0.000,0.000,0.000,9.806
2024-09-24 23:00:00,78.400,1014.000,0.000,0.000,0.000,7.277
2024-09-25 00:00:00,77.700,1014.300,0.000,0.000,0.000,4.974
2024-09-25 01:00:00,77.400,1014.700,0.000,0.000,0.000,2.907
2024-09-25 02:00:00,77.000,1014.700,0.000,0.000,0.000,1.594
2024-09-25 03:00:00,75.700,1015.100,0.000,0.000,0.000,1.217
2024-09-25 04:00:00,76.800,1014.600,0.000,0.000,0.000,2.572
2024-09-25 05:00:00,76.600,1014.700,0.000,0.000,0.000,5.640
2024-09-25 06:00:00,74.100,1015.000,0.000,0.000,0.000,8.061
2024-09-25 07:00:00,73.900,1014.800,0.000,0.000,0.000,10.085
2024-09-25 08:00:00,74.500,1014.600,0.000,0.000,0.000,11.024
2024-09-25 09:00:00,73.900,1014.900,0.000,0.000,0.000,10.194
2024-09-25 10:00:00,73.900,1015.300,0.000,0.000,0.000,8.159
2024-09-25 11:00:00,72.500,1015.500,0.000,0.000,0.000,5.620
2024-09-25 12:00:00,74.100,1016.200,0.000,0.000,0.000,3.100
2024-09-25 13:00:00,82.400,1016.100,0.000,0.000,0.000,1.043
2024-09-25 14:00:00,81.000,1016.500,0.000,0.000,0.000,-0.430
2024-09-25 15:00:00,83.100,1016.200,0.000,0.000,0.000,-0.571
2024-09-25 16:00:00,83.100,1016.000,0.000,0.000,0.000,2.326
2024-09-25 17:00:00,83.500,1015.500,0.000,0.000,0.000,5.909
2024-09-25 18:00:00,81.700,1015.200,0.000,0.000,0.000,8.556
2024-09-25 19:00:00,82.800,1014.800,0.000,0.000,0.000,10.633
2024-09-25 20:00:00,82.800,1014.400,0.000,0.000,0.000,12.162
2024-09-25 21:00:00,82.000,1014.200,0.000,0.000,0.000,12.562
2024-09-25 22:00:00,80.400,1014.500,0.000,0.000,0.000,11.293
2024-09-25 23:00:00,79.700,1014.800,0.000,0.000,0.000,9.094
2024-09-26 00:00:00,79.200,1014.900,0.000,0.000,0.000,6.631
2024-09-26 01:00:00,79.000,1015.300,0.000,0.000,0.000,4.295
2024-09-26 02:00:00,79.200,1015.300,0.000,0.000,0.000,2.110
2024-09-26 03:00:00,78.800,1015.400,0.000,0.000,0.000,0.604
2024-09-26 04:00:00,78.800,1014.900,0.000,0.000,0.000,0.118
2024-09-26 05:00:00,78.600,1014.200,0.000,0.000,0.000,1.670
2024-09-26 06:00:00,78.400,1014.200,0.000,0.000,0.000,5.167
2024-09-26 07:00:00,78.100,1013.500,0.000,0.000,0.000,7.848
2024-09-26 08:00:00,78.400,1013.400,0.000,0.000,0.000,9.849
2024-09-26 09:00:00,77.900,1013.300,0.000,0.000,0.000,10.666
2024-09-26 10:00:00,77.900,1012.800,0.000,0.000,0.000,9.816
2024-09-26 11:00:00,78.100,1013.500,0.000,0.000,0.000,7.956
2024-09-26 12:00:00,78.600,1013.600,0.000,0.000,0.000,5.404
2024-09-26 13:00:00,79.900,1013.800,0.000,0.000,0.000,3.120
2024-09-26 14:00:00,81.500,1014.000,0.000,0.000,0.000,0.948
2024-09-26 15:00:00,82.600,1014.100,0.000,0.000,0.000,-0.430
2024-09-26 16:00:00,81.900,1013.700,0.000,0.000,0.000,-1.066
2024-09-26 17:00:00,81.900,1013.400,0.000,0.000,0.000,1.755
2024-09-26 18:00:00,81.500,1012.900,0.000,0.000,0.000,5.394
2024-09-26 19:00:00,81.300,1012.700,0.000,0.000,0.000,8.353
2024-09-26 20:00:00,81.000,1012.300,0.000,0.000,0.000,10.505
2024-09-26 21:00:00,81.000,1011.900,0.000,0.000,0.000,12.077
2024-09-26 22:00:00,80.400,1011.900,0.000,0.000,0.000,12.615
2024-09-26 23:00:00,79.900,1011.900,0.000,0.000,0.000,11.129
2024-09-27 00:00:00,79.700,1011.600,0.000,0.000,0.000,8.645
2024-09-27 01:00:00,80.100,1011.800,0.000,0.000,0.000,6.319
2024-09-27 02:00:00,80.100,1011.400,0.000,0.000,0.000,3.983
2024-09-27 03:00:00,79.900,1011.400,0.000,0.000,0.000,2.238
2024-09-27 04:00:00,79.900,1010.900,0.000,0.000,0.000,0.561
2024-09-27 05:00:00,80.100,1010.200,0.000,0.000,0.000,0.712
2024-09-27 06:00:00,80.200,1009.200,0.000,0.000,0.000,2.379
2024-09-27 07:00:00,80.200,1008.000,0.000,0.000,0.000,5.876
2024-09-27 08:00:00,80.200,1007.200,0.000,0.000,0.000,8.320
2024-09-27 09:00:00,80.600,1006.700,0.000,0.000,0.000,10.066
2024-09-27 10:00:00,80.800,1006.300,0.000,0.000,0.000,11.453
2024-09-27 11:00:00,80.800,1005.800,0.000,0.000,0.000,11.850
2024-09-27 12:00:00,81.500,1005.400,0.000,0.000,0.000,10.958
2024-09-27 13:00:00,81.900,1005.200,0.000,0.000,0.000,9.150
2024-09-27 14:00:00,81.900,1004.900,0.000,0.000,0.000,7.178
2024-09-27 15:00:00,82.000,1004.600,0.000,0.000,0.000,6.040
2024-09-27 16:00:00,80.100,1004.700,0.000,0.000,0.000,4.918
2024-09-27 17:00:00,78.600,1004.600,0.000,0.000,0.000,4.423
2024-09-27 18:00:00,81.000,1004.100,0.000,0.000,0.000,4.616
2024-09-27 19:00:00,83.100,1004.000,0.000,0.000,0.000,5.801
2024-09-27 20:00:00,84.200,1004.100,0.000,0.000,0.000,7.815
2024-09-27 21:00:00,83.700,1004.800,0.000,0.000,0.000,10.387
2024-09-27 22:00:00,81.700,1005.200,0.000,0.000,0.000,11.949
2024-09-27 23:00:00,81.300,1005.900,0.000,0.000,0.000,12.238
2024-09-28 00:00:00,79.500,1006.800,0.000,0.000,0.000,11.260
2024-09-28 01:00:00,78.800,1007.800,0.000,0.000,0.000,9.495
2024-09-28 02:00:00,77.700,1008.400,0.000,0.000,0.000,6.877
2024-09-28 03:00:00,77.400,1008.900,0.000,0.000,0.000,4.134
2024-09-28 04:00:00,75.900,1009.400,0.000,0.000,0.000,1.411
2024-09-28 05:00:00,75.400,1009.300,0.000,0.000,0.000,-0.646
2024-09-28 06:00:00,73.800,1009.000,0.000,0.000,0.000,-1.775
2024-09-28 07:00:00,74.100,1008.600,0.000,0.000,0.000,0.085
2024-09-28 08:00:00,73.400,1008.600,0.000,0.000,0.000,4.318
2024-09-28 09:00:00,73.800,1008.900,0.000,0.000,0.000,7.513
2024-09-28 10:00:00,73.600,1009.500,0.000,0.000,0.000,9.278
2024-09-28 11:00:00,73.800,1010.400,0.000,0.000,0.000,10.000
2024-09-28 12:00:00,74.100,1011.100,0.000,0.000,0.000,9.364
2024-09-28 13:00:00,77.500,1011.700,0.000,0.000,0.000,7.641
2024-09-28 14:00:00,80.600,1011.900,0.000,0.000,0.000,5.082
2024-09-28 15:00:00,81.500,1012.000,0.000,0.000,0.000,2.356
2024-09-28 16:00:00,83.700,1011.900,0.000,0.000,0.000,-0.141
2024-09-28 17:00:00,84.400,1011.700,0.000,0.000,0.000,-2.057
2024-09-28 18:00:00,84.400,1010.900,0.000,0.000,0.000,-2.530
2024-09-28 19:00:00,84.000,1010.500,0.000,0.000,0.000,-0.604
2024-09-28 20:00:00,83.300,1010.400,0.000,0.000,0.000,3.648
2024-09-28 21:00:00,80.400,1010.200,0.000,0.000,0.000,7.612
2024-09-28 22:00:00,79.700,1009.900,0.000,0.000,0.000,9.452
2024-09-28 23:00:00,79.500,1010.200,0.000,0.000,0.000,10.840
2024-09-29 00:00:00,78.400,1010.500,0.000,0.000,0.000,11.227
2024-09-29 01:00:00,78.100,1011.000,0.000,0.000,0.000,10.269
2024-09-29 02:00:00,77.700,1011.400,0.000,0.000,0.000,8.084
2024-09-29 03:00:00,76.600,1011.500,0.000,0.000,0.000,5.243
2024-09-29 04:00:00,76.100,1011.300,0.000,0.000,0.000,2.293
2024-09-29 05:00:00,75.200,1011.000,0.000,0.000,0.000,-0.171
2024-09-29 06:00:00,75.200,1010.700,0.000,0.000,0.000,-1.549
2024-09-29 07:00:00,74.500,1010.200,0.000,0.000,0.000,-1.099
2024-09-29 08:00:00,72.900,1009.700,0.000,0.000,0.000,2.024
2024-09-29 09:00:00,72.000,1009.900,0.000,0.000,0.000,5.791
2024-09-29 10:00:00,70.900,1010.200,0.000,0.000,0.000,8.225
2024-09-29 11:00:00,70.000,1010.500,0.000,0.000,0.000,9.849
2024-09-29 12:00:00,72.300,1011.000,0.000,0.000,0.000,10.633
2024-09-29 13:00:00,79.000,1011.400,0.000,0.000,0.000,10.020
2024-09-29 14:00:00,81.300,1011.500,0.000,0.000,0.000,8.074
2024-09-29 15:00:00,81.100,1011.400,0.000,0.000,0.000,5.456
2024-09-29 16:00:00,82.400,1011.400,0.000,0.000,0.000,2.680
2024-09-29 17:00:00,82.400,1011.100,0.000,0.000,0.000,0.377
2024-09-29 18:00:00,83.800,1010.500,0.000,0.000,0.000,-1.486
2024-09-29 19:00:00,82.800,1009.800,0.000,0.000,0.000,-1.581
2024-09-29 20:00:00,83.700,1009.400,0.000,0.000,0.000,1.398
2024-09-29 21:00:00,83.300,1009.300,0.000,0.000,0.000,5.899
2024-09-29 22:00:00,83.300,1009.900,0.000,0.000,0.000,9.009
2024-09-29 23:00:00,79.700,1010.200,0.000,0.000,0.000,11.161
2024-09-30 00:00:00,77.500,1010.700,0.000,0.000,0.000,12.303
2024-09-30 01:00:00,76.600,1011.100,0.000,0.000,0.000,12.195
2024-09-30 02:00:00,75.700,1011.500,0.000,0.000,0.000,10.591
2024-09-30 03:00:00,75.600,1011.700,0.000,0.000,0.000,7.943
2024-09-30 04:00:00,75.000,1012.000,0.000,0.000,0.000,5.049
2024-09-30 05:00:00,74.100,1011.900,0.000,0.000,0.000,2.251
2024-09-30 06:00:00,73.900,1011.700,0.000,0.000,0.000,-0.236
2024-09-30 07:00:00,73.000,1011.800,0.000,0.000,0.000,-1.775
2024-09-30 08:00:00,73.200,1011.700,0.000,0.000,0.000,-0.958
2024-09-30 09:00:00,72.500,1011.800,0.000,0.000,0.000,2.421
2024-09-30 10:00:00,72.900,1012.200,0.000,0.000,0.000,7.060
2024-09-30 11:00:00,72.000,1012.500,0.000,0.000,0.000,9.354
2024-09-30 12:00:00,74.100,1013.000,0.000,0.000,0.000,10.784
2024-09-30 13:00:00,78.600,1013.100,0.000,0.000,0.000,11.322
2024-09-30 14:00:00,81.100,1013.400,0.000,0.000,0.000,10.377
2024-09-30 15:00:00,82.000,1013.100,0.000,0.000,0.000,8.202
2024-09-30 16:00:00,83.800,1012.700,0.000,0.000,0.000,5.489
2024-09-30 17:00:00,84.200,1012.000,0.000,0.000,0.000,2.638
2024-09-30 18:00:00,84.400,1011.300,0.000,0.000,0.000,0.217
2024-09-30 19:00:00,83.500,1010.700,0.000,0.000,0.000,-1.302
2024-09-30 20:00:00,84.600,1010.400,0.000,0.000,0.000,-0.850
2024-09-30 21:00:00,83.500,1010.300,0.000,0.000,0.000,2.927
2024-09-30 22:00:00,83.700,1010.500,0.000,0.000,0.000,7.267
2024-09-30 23:00:00,80.100,1010.600,0.000,0.000,0.000,9.902
2024-10-01 00:00:00,78.300,1011.000,0.000,0.000,0.000,11.818
2024-10-01 01:00:00,77.500,1011.000,0.000,0.000,0.000,12.841
2024-10-01 02:00:00,76.800,1011.300,0.000,0.000,0.000,12.487
2024-10-01 03:00:00,76.100,1011.400,0.000,0.000,0.000,10.236
2024-10-01 04:00:00,75.900,1011.700,0.000,0.000,0.000,7.405
2024-10-01 05:00:00,76.300,1011.600,0.000,0.000,0.000,4.521
2024-10-01 06:00:00,74.700,1011.300,0.000,0.000,0.000,1.657
2024-10-01 07:00:00,74.300,1010.900,0.000,0.000,0.000,-0.679
2024-10-01 08:00:00,73.400,1010.600,0.000,0.000,0.000,-2.152
2024-10-01 09:00:00,72.900,1010.500,0.000,0.000,0.000,-0.571
2024-10-01 10:00:00,72.300,1010.900,0.000,0.000,0.000,4.058
2024-10-01 11:00:00,71.600,1011.300,0.000,0.000,0.000,7.792
2024-10-01 12:00:00,72.900,1011.600,0.000,0.000,0.000,9.990
2024-10-01 13:00:00,77.500,1011.800,0.000,0.000,0.000,11.421
2024-10-01 14:00:00,80.600,1012.000,0.000,0.000,0.000,11.722
2024-10-01 15:00:00,83.300,1011.800,0.000,0.000,0.000,10.397
2024-10-01 16:00:00,84.000,1011.700,0.000,0.000,0.000,7.759
2024-10-01 17:00:00,84.700,1011.100,0.000,0.000,0.000,4.639
2024-10-01 18:00:00,84.000,1010.600,0.000,0.000,0.000,1.647
2024-10-01 19:00:00,83.500,1010.000,0.000,0.000,0.000,-0.830
2024-10-01 20:00:00,82.400,1009.700,0.000,0.000,0.000,-2.057
2024-10-01 21:00:00,81.900,1009.400,0.000,0.000,0.000,-0.344
2024-10-01 22:00:00,78.800,1009.900,0.000,0.000,0.000,3.789
2024-10-01 23:00:00,76.600,1010.300,0.000,0.000,0.000,7.448
