station_id,station_name,latitude,longitude,datum,timezone
8725520,"Fort Myers, FL",26.64,-81.88,NAVD88,GMT
8726520,"St Petersburg, FL",27.78,-82.63,NAVD88,GMT
8726724,"Clearwater Beach, FL",27.98,-82.83,NAVD88,GMT
8638610,"Sewells Point (Norfolk), VA",36.94,-76.33,NAVD88,GMT
8726607,"Old Port Tampa, FL",27.86,-82.55,NAVD88,GMT
8761724,"Grand Isle, LA",29.26,-89.96,NAVD88,GMT
8665530,"Charleston, SC",32.78,-79.92,NAVD88,GMT
8670870,"Fort Pulaski, GA",32.03,-80.90,NAVD88,GMT
8658120,"Wilmington, NC",34.23,-77.95,NAVD88,GMT
8771450,"Galveston Pier, TX",29.31,-94.78,NAVD88,GMT
8518750,"The Battery, NY",40.7,-74.01,NAVD88,GMT
8531680,"Sandy Hook, NJ",40.48,-73.99,NAVD88,GMT
8575512,"Annapolis, MD",38.98,-76.48,NAVD88,GMT
9468756,"Nome, AK",64.5,-165.44,NAVD88,GMT
8443970,"Boston, MA",42.35,-71.05,NAVD88,GMT
8551910,"Reedy Point, DE",39.56,-75.57,NAVD88,GMT
8720218,"Mayport, FL",30.4,-81.43,NAVD88,GMT
9415144,"Port Chicago, CA",38.05,-122.04,NAVD88,GMT
8534720,"Atlantic City, NJ",39.36,-74.42,NAVD88,GMT
8557380,"Lewes, DE",38.78,-75.12,NAVD88,GMT
8638610,"Sewells Point, VA",36.94,-76.33,NAVD88,GMT
8651370,"Duck Pier, NC",36.18,-75.75,NAVD88,GMT
8534720,"Atlantic City, NJ",39.35,-74.41,NAVD88,GMT
8557380,"Lewes, DE",38.78,-75.11,NAVD88,GMT
8570283,"Ocean City, MD",38.33,-75.09,NAVD88,GMT
